Ano,CÃ³digo SH6,Valor US$ FOB Anual
1997,30269,1345963
1997,30379,299775
1997,30611,3664532
1997,30623,401
1997,50690,33129
1997,50790,264911
1997,51199,61320
1997,70990,4396
1997,80132,15518917
1997,80300,2001471
1997,80450,1085591
1997,80610,6660
1997,80711,78663
1997,80719,19358426
1997,130219,368677
1997,152110,1463103
1997,170199,13190200
1997,170410,1990600
1997,170490,6357902
1997,180631,7000
1997,180690,113583
1997,200819,211536
1997,200980,1443412
1997,220290,3740
1997,250100,3956995
1997,251612,15649
1997,261590,427497
1997,291619,28903
1997,300390,117360
1997,320649,1040
1997,340520,125
1997,392620,111
1997,392690,1286
1997,410110,14485
1997,410429,11366956
1997,410431,82752
1997,410619,46267
1997,410900,121285
1997,441510,11568
1997,520513,120964
1997,520522,57773
1997,520523,85808
1997,520524,16891
1997,520922,446761
1997,520932,4138581
1997,521215,29578
1997,551321,134558
1997,551323,14
1997,551341,80891
1997,560721,1547646
1997,560729,69657
1997,560890,650
1997,610520,10998
1997,610910,798693
1997,620520,18753
1997,620630,2654
1997,621112,1035
1997,630533,4083
1997,640199,53726
1997,640411,7283
1997,711620,39338
1997,711790,1437
1997,843610,1080
1997,847982,1987
1997,852790,1980
1997,854449,96
1997,940180,12000
1997,960621,238603
1997,960622,47692
1997,960629,23738
1997,960630,2850
1997,999802,11931
1998,20820,22
1998,30232,7907
1998,30239,185183
1998,30269,1501089
1998,30379,22460
1998,30611,2398492
1998,30613,137548
1998,40299,604
1998,50100,1940
1998,50790,46413
1998,51000,24204
1998,51199,52883
1998,70930,2329
1998,80132,13558167
1998,80240,103000
1998,80300,2230149
1998,80430,44550
1998,80450,5633796
1998,80711,125899
1998,80719,25668565
1998,90121,137
1998,120999,33000
1998,130219,539318
1998,152110,209273
1998,160413,955
1998,170199,11391000
1998,170410,1903044
1998,170490,5865898
1998,180632,9797
1998,180690,107095
1998,190110,6539
1998,190530,668
1998,200110,192
1998,200290,9058
1998,200590,31200
1998,200600,158
1998,200799,466
1998,200819,330756
1998,200870,833
1998,200980,811485
1998,210690,5544
1998,220210,1008
1998,220290,2462
1998,220820,1094
1998,220840,195
1998,220900,307
1998,250100,6980061
1998,293311,0
1998,293950,0
1998,300390,92238
1998,300490,0
1998,330126,8740
1998,330510,41
1998,340111,1628
1998,340213,932
1998,340220,606
1998,340290,270
1998,340520,967
1998,340600,4097
1998,360500,590
1998,380840,230
1998,392330,792
1998,392350,1
1998,392410,133
1998,392690,585
1998,410429,8638639
1998,410431,42908
1998,410519,13348
1998,442190,165
1998,481810,1838
1998,482020,200
1998,482110,0
1998,482390,229
1998,520512,9274
1998,520513,40501
1998,520522,61160
1998,520523,63652
1998,520532,3850
1998,520922,58661
1998,520932,4403292
1998,551341,21643
1998,560710,10140
1998,560721,1267031
1998,560729,321530
1998,560749,46
1998,560890,5618
1998,610130,324
1998,610510,11204
1998,610520,307401
1998,610711,389
1998,610910,4508814
1998,610990,212678
1998,620219,555
1998,620423,1350
1998,620462,370
1998,620520,3872
1998,621111,126
1998,621112,648
1998,630221,5919
1998,630533,148600
1998,640199,2751
1998,640219,7062
1998,640230,359
1998,640299,1854
1998,640399,1994
1998,640411,4317
1998,691110,16055
1998,691190,2257
1998,701329,41
1998,701339,74
1998,701790,3
1998,711620,53445
1998,711790,2910
1998,720421,13950
1998,732310,1293
1998,821000,173
1998,821210,261
1998,821599,76
1998,830810,1778
1998,852790,1378
1998,852812,2560
1998,890200,300000
1998,940320,3096
1998,940330,1944
1998,940350,6217
1998,940360,20951
1998,960310,245
1998,960390,735
1998,960621,496952
1998,960622,13865
1998,960629,31239
1998,960630,10474
1999,30239,823915
1999,30263,14993
1999,30269,3518610
1999,30373,3100
1999,30379,59991
1999,30410,6967
1999,30611,1552720
1999,30613,1558254
1999,50100,350
1999,50690,7172
1999,50790,43193
1999,51000,39548
1999,51199,53965
1999,70200,410
1999,70960,231
1999,70990,30
1999,71420,5406
1999,80132,19634275
1999,80300,2578654
1999,80430,2340
1999,80450,3136838
1999,80610,163
1999,80711,538132
1999,80719,24617250
1999,80720,4048
1999,80820,80
1999,90121,153
1999,100630,303
1999,130219,708678
1999,152110,1607666
1999,170111,2788000
1999,170199,8765400
1999,170410,2230616
1999,170490,6361202
1999,180632,18061
1999,180690,127692
1999,190110,484
1999,190530,60
1999,200290,4255
1999,200590,30400
1999,200799,99
1999,200819,293994
1999,200980,549743
1999,210690,808
1999,220210,604
1999,220710,2932941
1999,250100,7794898
1999,250629,12162
1999,252910,1400
1999,300390,145484
1999,340111,65
1999,340119,44
1999,340213,1865
1999,340220,1083
1999,340290,343
1999,340510,443
1999,340520,651
1999,340600,160
1999,360500,1890
1999,380840,28
1999,392330,341
1999,392410,371
1999,410422,1352294
1999,410429,2309426
1999,410431,29438
1999,410519,118671
1999,410900,11421
1999,442190,250
1999,481810,711
1999,481820,93
1999,481830,71
1999,481920,46425
1999,482390,183
1999,510510,4134
1999,520411,12024
1999,520419,24980
1999,520512,1816
1999,520513,1628
1999,520522,1329
1999,520523,1921
1999,520531,511
1999,520544,17790
1999,520710,9533
1999,520922,203225
1999,520931,52709
1999,520932,4882404
1999,520943,187869
1999,521215,5008
1999,540110,30590
1999,550953,2641
1999,551321,59369
1999,560721,701303
1999,560729,76047
1999,560819,1997
1999,560890,3500
1999,610510,5104465
1999,610520,189825
1999,610610,4121120
1999,610711,4809
1999,610910,980886
1999,610990,623980
1999,620342,358
1999,620520,4985
1999,620530,7307
1999,620630,8710
1999,620819,4461
1999,620892,374
1999,630229,9766
1999,630231,2187
1999,630260,1255
1999,630532,1726
1999,630533,278777
1999,640199,1470
1999,640219,20391
1999,640299,393
1999,640319,1459
1999,640411,14485
1999,640419,190
1999,650691,500
1999,691110,22099
1999,701329,68
1999,701339,20
1999,710310,157616
1999,711620,37113
1999,711790,4007
1999,732310,40
1999,740929,10407
1999,831000,3000
1999,840212,59200
1999,841382,2870
1999,841981,83100
1999,842129,17800
1999,842382,930
1999,847982,61600
1999,940330,890
1999,940360,31442
1999,960310,214
1999,960390,213
1999,960621,261314
1999,960622,22261
1999,960629,7251
2000,30239,2813796
2000,30269,3928562
2000,30349,716527
2000,30375,69312
2000,30379,53303
2000,30410,8547
2000,30420,1362
2000,30490,30530
2000,30611,1935810
2000,30613,13460698
2000,50300,935
2000,50790,9600
2000,51199,65930
2000,70200,83921
2000,70310,29563
2000,70930,31795
2000,70960,106177
2000,70990,132542
2000,71420,20624
2000,80119,5977
2000,80132,20459565
2000,80300,5536503
2000,80430,269685
2000,80450,1109614
2000,80610,119420
2000,80711,749922
2000,80719,20541394
2000,80720,112202
2000,81090,180
2000,130219,1042571
2000,152110,1852596
2000,170199,9360543
2000,170410,2355590
2000,170490,5220427
2000,180690,183347
2000,200290,3411
2000,200819,386373
2000,200980,684193
2000,220710,244454
2000,250100,8889993
2000,251200,1745
2000,251612,43653
2000,321290,3395
2000,321410,29016
2000,392640,93
2000,410422,3354857
2000,410900,13068
2000,460290,1551
2000,481920,14094
2000,482390,1062
2000,520812,2246633
2000,520919,4863
2000,520922,19694
2000,520931,56181
2000,520932,407029
2000,520939,3588
2000,530490,93
2000,551311,32541
2000,551321,63153
2000,560721,319113
2000,560729,302267
2000,560819,17607
2000,600210,1188
2000,610343,421
2000,610510,8850478
2000,610520,184795
2000,610610,6179155
2000,610711,780
2000,610822,12
2000,610910,21331592
2000,610990,50742
2000,611030,7060
2000,611790,288758
2000,620342,39792
2000,620520,258626
2000,620530,43285
2000,620590,9535
2000,620819,3692
2000,621132,519
2000,621210,5
2000,630419,470
2000,630520,13073
2000,630532,124818
2000,630533,560296
2000,640219,12936
2000,640319,2633
2000,640399,2898
2000,640411,12297
2000,680291,2210
2000,680293,3300
2000,710310,402819
2000,711620,14264
2000,711790,3366
2000,740929,10716
2000,760120,60507
2000,760200,67992
2000,903289,6342
2000,940360,26349
2000,940380,18278
2000,940490,226
2000,960621,208797
2000,960622,16012
2000,960629,31028
2001,21090,2562
2001,30239,2883881
2001,30263,21710
2001,30269,5793837
2001,30341,454073
2001,30349,584615
2001,30379,108759
2001,30490,7315
2001,30611,4302897
2001,30613,28832708
2001,50300,6292
2001,50610,8300
2001,50690,62480
2001,50790,14500
2001,51000,10257
2001,51199,110323
2001,70200,38954
2001,70930,13115
2001,70960,8288
2001,70990,90014
2001,71420,7910
2001,80119,1160
2001,80132,19010342
2001,80300,6641811
2001,80430,156343
2001,80440,4040
2001,80450,2121633
2001,80530,187400
2001,80610,224586
2001,80711,841564
2001,80719,25987334
2001,80720,349657
2001,81190,51399
2001,130219,70539
2001,152110,4254403
2001,170199,16509448
2001,170410,3150286
2001,170490,7048601
2001,190110,130
2001,200600,653
2001,200819,74118
2001,200980,963821
2001,220710,125630
2001,230990,4150
2001,250100,10286467
2001,251611,72086
2001,251612,423736
2001,261100,140548
2001,261590,1475100
2001,261790,15810
2001,392190,128955
2001,392321,100
2001,392640,1716
2001,410422,2694003
2001,410431,24027
2001,482319,600
2001,520812,4492146
2001,520921,847
2001,520922,324639
2001,520931,3869
2001,520932,110271
2001,530890,55222
2001,540720,30506
2001,540771,44576
2001,551612,1529
2001,560721,319956
2001,560729,115220
2001,560890,500
2001,600210,1240
2001,610190,9960
2001,610343,197
2001,610349,24612
2001,610510,1616051
2001,610520,163930
2001,610610,104502
2001,610711,2116
2001,610910,28710235
2001,610990,598188
2001,611090,20095
2001,620342,309882
2001,620520,802469
2001,620530,60095
2001,630532,132570
2001,630533,918224
2001,640219,17647
2001,640319,8497
2001,640399,31146
2001,640411,106297
2001,640590,3676
2001,680291,1129
2001,680293,139686
2001,710310,195450
2001,711620,11281
2001,711790,5490
2001,811211,32750
2001,821000,6210
2001,841989,1609
2001,845150,40000
2001,870880,64
2001,901580,3500
2001,940360,15594
2001,940380,500
2001,960621,156990
2001,960622,9213
2001,960629,28761
2001,999100,8
2002,30239,4550338
2002,30269,6568775
2002,30339,835264
2002,30341,1670777
2002,30349,184550
2002,30379,156749
2002,30410,1170
2002,30420,1317
2002,30490,2210
2002,30611,6330800
2002,30613,47433644
2002,50100,1000
2002,50690,31500
2002,50790,23800
2002,51000,131910
2002,51199,8650
2002,70200,4646
2002,70990,8262
2002,80111,10074
2002,80119,4612
2002,80132,19098944
2002,80300,13571934
2002,80430,172199
2002,80450,994123
2002,80610,15600
2002,80711,1325106
2002,80719,24185797
2002,80720,1775901
2002,81190,660738
2002,90121,53158
2002,90122,27255
2002,130219,335166
2002,152110,4132557
2002,160520,286108
2002,170199,11934600
2002,170410,3560935
2002,170490,5689467
2002,200819,35932
2002,200980,596
2002,210390,8203
2002,220710,509313
2002,250100,8223662
2002,250621,2395
2002,251611,10574
2002,251612,870780
2002,253090,2980
2002,261590,179715
2002,270900,24063496
2002,321410,2648
2002,382000,1190499
2002,392190,806058
2002,392390,670
2002,410411,939845
2002,410419,12742
2002,410422,555178
2002,420221,2553
2002,420229,1463
2002,420330,4103
2002,460290,86
2002,482319,4370
2002,520812,4273068
2002,520852,84608
2002,520922,122404
2002,520932,62950
2002,520951,56849
2002,540110,71895
2002,551311,640170
2002,551319,505373
2002,560721,13094
2002,560729,86438
2002,560819,3101
2002,560890,5533
2002,590390,34077
2002,600210,454
2002,610462,93938
2002,610510,2793111
2002,610520,42708
2002,610711,167351
2002,610910,17700158
2002,610990,206
2002,611020,561847
2002,620342,5305
2002,620452,8650
2002,620462,351043
2002,620520,43375
2002,620530,1299
2002,630259,95
2002,630299,271
2002,630533,114857
2002,640319,4324
2002,640411,93900
2002,640419,1572
2002,640590,70638
2002,680100,7
2002,680223,3731
2002,680293,62959
2002,680299,2579
2002,691200,20
2002,691490,23
2002,710310,555993
2002,710399,17931
2002,711620,8300
2002,711790,2923
2002,810390,102200
2002,840310,6417
2002,844712,61882
2002,845221,153211
2002,845229,15778
2002,850980,5343
2002,940180,371
2002,940360,27846
2002,940390,1146
2002,950100,8515
2002,960621,28765
2002,960622,3932
2002,960719,13768
2002,970500,5230
2002,999100,54
2003,30239,4118101
2003,30263,10620
2003,30269,5877910
2003,30339,2223117
2003,30379,434600
2003,30611,5375114
2003,30613,71018161
2003,30614,6176
2003,30759,162778
2003,50400,12771
2003,50790,332515
2003,70990,13380
2003,80111,24434
2003,80119,65516
2003,80132,25794078
2003,80300,14759776
2003,80420,12313
2003,80430,432126
2003,80450,1733935
2003,80610,10368
2003,80711,2041744
2003,80719,39190158
2003,80720,5871901
2003,81190,364766
2003,90121,57184
2003,90122,8123
2003,120991,4200
2003,121220,564
2003,130219,288299
2003,130239,6460
2003,152110,4650392
2003,170199,12339025
2003,170410,3358680
2003,170490,9091145
2003,180690,4744
2003,200980,1452
2003,210111,307770
2003,210690,326
2003,220710,3951689
2003,250100,7302539
2003,251611,220862
2003,251612,651059
2003,261100,13460
2003,261590,355623
2003,270900,58959174
2003,283329,3933
2003,291900,6929
2003,340213,1865
2003,390950,13915
2003,392190,95625
2003,392321,131
2003,392340,121
2003,392390,300
2003,410411,522746
2003,410792,135581
2003,460290,267
2003,480419,2473
2003,482319,43
2003,520522,3497867
2003,520812,2742442
2003,520932,66279
2003,520942,1510660
2003,540110,82018
2003,551321,12095
2003,551341,36176
2003,560721,559775
2003,560729,148631
2003,560819,8751
2003,560890,3820
2003,590310,30676
2003,600622,989815
2003,600632,30723
2003,610462,420
2003,610463,26
2003,610510,144818
2003,610520,9849
2003,610711,2667
2003,610910,12941195
2003,610990,6742
2003,611020,24735
2003,611231,10830
2003,611241,12270
2003,620342,523385
2003,620452,6194
2003,620462,687649
2003,620520,130374
2003,620530,471
2003,620630,166724
2003,630221,246007
2003,630222,975575
2003,630229,33582
2003,630231,74388
2003,630232,80297
2003,630259,46217
2003,630260,4044
2003,630532,172568
2003,630533,774466
2003,640219,93
2003,640299,32746
2003,640319,7195
2003,640411,55541
2003,640419,6410
2003,640590,1356
2003,691110,641
2003,710310,188654
2003,711620,10641
2003,711719,1870
2003,711790,726
2003,730729,8247
2003,730830,160
2003,731815,6137
2003,732020,74
2003,732690,440
2003,760720,28799
2003,810390,137869
2003,811212,24056
2003,844790,69000
2003,847170,24177
2003,850780,19079
2003,920890,1380
2003,940350,8886
2003,940360,83813
2003,940380,7001
2003,950210,9519
2003,950370,6085
2003,950510,534
2003,960621,57288
2003,960622,18898
2003,960629,13983
2003,961700,8387
2004,30232,4106
2004,30239,5926986
2004,30269,4574869
2004,30341,140188
2004,30345,2161
2004,30349,449337
2004,30379,159837
2004,30410,342
2004,30611,8839819
2004,30613,82234821
2004,30614,46551
2004,30623,35465
2004,50690,27616
2004,50790,526752
2004,51199,264119
2004,70310,13000
2004,70990,165371
2004,80111,14794
2004,80119,46735
2004,80132,32789102
2004,80300,14812680
2004,80420,1555
2004,80430,215962
2004,80450,2449525
2004,80610,1680
2004,80711,2627301
2004,80719,45470193
2004,80720,4590010
2004,81090,6284
2004,81190,122337
2004,90420,22255
2004,121299,350
2004,130219,189612
2004,152110,5090053
2004,170199,11250862
2004,170410,4030111
2004,170490,10563823
2004,200980,159
2004,220710,4847700
2004,250100,5671895
2004,251611,242921
2004,251612,1541858
2004,252530,4000
2004,253090,3889
2004,261100,69797
2004,261590,65000
2004,270900,284242327
2004,330126,107806
2004,340420,1074
2004,340490,2628
2004,392190,4898903
2004,392340,20
2004,392390,575
2004,401699,164
2004,410411,60660
2004,410792,49650
2004,441400,1036
2004,441510,531
2004,442010,3594
2004,442190,18981
2004,460290,1965
2004,480419,2006
2004,482050,148
2004,482319,863
2004,520522,4670489
2004,520812,125829
2004,520922,243852
2004,520929,155458
2004,520941,42027
2004,520942,5816307
2004,521142,29235
2004,540110,47145
2004,560721,399241
2004,560729,31763
2004,560819,2574
2004,600622,2556690
2004,600624,119237
2004,610342,326
2004,610510,38194
2004,610520,7177
2004,610711,532852
2004,610910,11023090
2004,611231,35893
2004,611241,14291
2004,611420,8132
2004,620342,8448
2004,620452,1822
2004,620520,165194
2004,620530,2072
2004,620630,421290
2004,621710,89
2004,630221,797997
2004,630222,2281411
2004,630229,40881
2004,630231,162554
2004,630232,139096
2004,630253,189126
2004,630532,469776
2004,630533,1174071
2004,640411,127460
2004,640590,3274
2004,650400,1670
2004,650590,6766
2004,680100,5753
2004,680223,60334
2004,691110,3228
2004,691200,247
2004,691390,1612
2004,691410,128
2004,700992,899
2004,710310,683426
2004,711620,11861
2004,711719,1117
2004,711790,6489
2004,732690,47
2004,760720,176686
2004,810390,77586
2004,820510,386
2004,842833,161501
2004,843143,118302
2004,847480,10000
2004,847989,732
2004,870323,88902
2004,920890,4444
2004,940360,65263
2004,940380,887
2004,950210,10043
2004,950370,4032
2004,950510,273
2004,950590,2747
2004,960621,76900
2004,960622,41486
2004,960629,3683
2004,999802,24626
2005,30239,5045404
2005,30269,1750544
2005,30342,24108
2005,30343,4800
2005,30349,1126481
2005,30379,466997
2005,30410,96151
2005,30611,6871054
2005,30613,63223546
2005,30614,17456
2005,40900,50450
2005,51199,1572040
2005,70960,70461
2005,70990,784348
2005,71410,560
2005,71490,144
2005,80111,25175
2005,80119,13934
2005,80132,44043117
2005,80300,19544583
2005,80420,2516
2005,80430,206660
2005,80450,3453543
2005,80610,714
2005,80711,4255795
2005,80719,55933049
2005,80720,4398021
2005,81090,1513
2005,90420,190755
2005,91010,6334
2005,100400,5400
2005,110630,16110
2005,130219,7491
2005,140190,3064
2005,152110,5565864
2005,170111,971175
2005,170199,18626860
2005,170410,3512234
2005,170490,9570929
2005,200980,589
2005,220710,4053844
2005,250100,9868121
2005,250610,36184
2005,250629,10705
2005,250700,14051
2005,251611,127154
2005,251612,2418783
2005,252910,88081
2005,253090,28361
2005,261100,108000
2005,261590,298488
2005,270900,96870955
2005,280300,7000
2005,330126,344420
2005,382490,825
2005,390950,14907
2005,392190,12094414
2005,392321,40
2005,392350,826
2005,392690,2717
2005,420231,103
2005,420239,294
2005,442010,19992
2005,442190,4234
2005,460290,1348
2005,481920,1815
2005,482020,387
2005,491110,72
2005,520420,8212
2005,520512,5884
2005,520522,6892
2005,520614,14148
2005,520710,338
2005,520812,308753
2005,520922,873393
2005,520929,330908
2005,520932,458444
2005,520939,1041268
2005,520942,8697742
2005,521142,591560
2005,530129,1327
2005,540110,73783
2005,540220,9078
2005,540231,1156
2005,540239,7694
2005,550810,128
2005,551311,987
2005,560721,209646
2005,560729,91867
2005,560819,18628
2005,600622,2119399
2005,600624,287236
2005,610510,25583
2005,610520,94673
2005,610610,176
2005,610711,2846
2005,610910,11265920
2005,611249,14203
2005,611420,1898
2005,611430,308
2005,620342,11975
2005,620462,604
2005,620520,48147
2005,620530,8754
2005,630130,1553257
2005,630221,364995
2005,630222,3291803
2005,630229,881
2005,630231,170696
2005,630232,53643
2005,630253,179820
2005,630259,209
2005,630291,1201
2005,630492,697
2005,630532,511502
2005,630533,954158
2005,640319,1951
2005,640411,260380
2005,640590,25768
2005,680100,7008
2005,680293,31478
2005,691110,1665
2005,691200,290
2005,691390,3500
2005,701329,606
2005,702000,6706
2005,710310,122201
2005,710399,5470
2005,711620,5543
2005,711790,1103
2005,731910,8
2005,731920,2554
2005,731930,4876
2005,731990,212
2005,732690,387
2005,741529,1951
2005,760720,41183
2005,820510,834
2005,821192,219
2005,830810,254
2005,830890,940
2005,841869,6296
2005,841899,1976
2005,842940,100
2005,847790,24448
2005,853720,5404
2005,870323,12500
2005,903289,7003
2005,940360,96131
2005,950210,4306
2005,950341,1162
2005,950590,1007
2005,960621,96382
2005,960622,35101
2005,960629,6830
2005,960910,581
2005,999801,272108
2005,999802,50397
2006,30232,879771
2006,30234,676719
2006,30239,4285759
2006,30269,1990570
2006,30339,94581
2006,30341,1080
2006,30342,16215
2006,30343,15228
2006,30349,707118
2006,30373,87617
2006,30379,1174083
2006,30410,8100
2006,30420,54613
2006,30611,5748056
2006,30613,43858080
2006,30619,6272
2006,40900,631863
2006,51199,3501628
2006,70990,334856
2006,80111,27026
2006,80119,47744
2006,80132,45565007
2006,80300,24579774
2006,80430,297280
2006,80450,3994868
2006,80610,61904
2006,80711,5403778
2006,80719,58117140
2006,80720,6382040
2006,81090,3157
2006,90420,115392
2006,91010,11265
2006,121220,11638
2006,130219,132185
2006,140190,3241
2006,152110,1550474
2006,170111,2055023
2006,170199,22511900
2006,170290,36659
2006,170410,6120213
2006,170490,13975310
2006,180690,235
2006,190110,1082
2006,190211,337
2006,190219,185
2006,200819,270036
2006,200980,1801
2006,220710,24007072
2006,230990,19530
2006,250100,9762780
2006,250610,26746
2006,250621,20041
2006,250629,19872
2006,250700,177521
2006,251612,3273565
2006,252910,123113
2006,253090,8549
2006,261100,652752
2006,261590,99000
2006,261790,1167
2006,270900,27933228
2006,282590,128375
2006,291619,546
2006,330126,202155
2006,330129,6586
2006,390950,5215
2006,392190,6006551
2006,392330,2925
2006,392690,5356
2006,410441,51326
2006,420231,894
2006,442010,5090
2006,491110,57
2006,520100,60274
2006,520411,20821
2006,520419,120
2006,520420,74912
2006,520512,31029
2006,520524,11625
2006,520625,67403
2006,520710,3741
2006,520812,119720
2006,520822,31611
2006,520832,104189
2006,520912,2318276
2006,520921,24344
2006,520922,764126
2006,520929,626790
2006,520931,10654
2006,520932,730745
2006,520939,1277540
2006,520942,3574883
2006,521142,25359
2006,530519,585
2006,540110,246475
2006,540220,16274
2006,540233,85979
2006,540239,22437
2006,560500,718
2006,560729,79736
2006,600622,2424696
2006,600624,123824
2006,610510,20835
2006,610520,16297
2006,610610,449
2006,610711,3355
2006,610910,7419864
2006,611241,17288
2006,611420,1811
2006,611430,3302
2006,620342,1172
2006,620443,151
2006,620452,7861
2006,620462,4197
2006,620630,710
2006,620640,197
2006,621112,60691
2006,630130,2293459
2006,630221,683544
2006,630222,2869926
2006,630231,183576
2006,630232,47276
2006,630253,225574
2006,630419,92292
2006,630532,386835
2006,630533,1191529
2006,640411,21098
2006,640590,201
2006,650692,80
2006,650699,19
2006,701090,739
2006,701329,118
2006,710310,316458
2006,710399,40060
2006,710490,466
2006,711620,3865
2006,731920,3277
2006,731930,37151
2006,731990,3116
2006,741529,7921
2006,761699,62
2006,820510,43
2006,830810,10438
2006,841391,167
2006,841410,1438
2006,842230,152
2006,843069,7174
2006,845230,113
2006,847160,2257
2006,847410,345000
2006,901849,8372
2006,940210,349
2006,940360,33653
2006,940520,82
2006,940600,105558
2006,960621,19553
2006,960622,2517
2006,960629,2494
2006,999802,49820
2007,30232,779730
2007,30234,60637
2007,30239,3852117
2007,30267,700743
2007,30269,2182572
2007,30349,59783
2007,30361,1896945
2007,30379,926286
2007,30429,49309
2007,30611,12989745
2007,30613,32237508
2007,30759,50876
2007,40299,827
2007,40900,865547
2007,50100,4580
2007,51199,4859613
2007,70990,845955
2007,71010,342
2007,71420,272
2007,80111,20915
2007,80119,3643
2007,80132,40130493
2007,80300,28097442
2007,80420,1534
2007,80430,76317
2007,80440,42
2007,80450,5316396
2007,80711,6812903
2007,80719,85196031
2007,80720,7649744
2007,90420,83707
2007,91010,3408
2007,110100,1920
2007,110423,79
2007,110630,40300
2007,130219,689210
2007,140190,4179
2007,152110,6211232
2007,170111,1672475
2007,170199,18045121
2007,170410,5752060
2007,170490,15960948
2007,180690,1315
2007,190110,32746
2007,190120,19386
2007,190410,19911
2007,190531,397
2007,200570,1302
2007,200819,2165
2007,200980,2058
2007,220710,9665456
2007,230910,1125471
2007,250100,9388905
2007,250610,47562
2007,250620,19813
2007,250700,203403
2007,251612,5390767
2007,251810,454
2007,252010,1338
2007,252910,88272
2007,253090,843
2007,260111,12344490
2007,261100,1375790
2007,261590,96000
2007,261790,5000
2007,282590,1124200
2007,291619,560
2007,330129,279647
2007,391690,126
2007,392190,2155424
2007,392329,48075
2007,420222,292
2007,420231,219
2007,420239,47
2007,441113,5017
2007,441114,9343
2007,442190,2174
2007,491110,587
2007,520419,53519
2007,520420,125206
2007,520531,753872
2007,520832,10192
2007,520921,13282
2007,520922,898429
2007,520929,647668
2007,520931,63279
2007,520932,555141
2007,520939,1895289
2007,520942,633651
2007,520952,34473
2007,520959,4290
2007,521011,1158548
2007,521059,59902
2007,521142,105211
2007,540110,178052
2007,540219,39261
2007,540231,126609
2007,540233,335710
2007,540239,30785
2007,540252,74968
2007,540771,126804
2007,550810,218440
2007,560750,2394
2007,570490,2010
2007,590390,1126
2007,600621,59254
2007,600622,1026779
2007,610342,1401
2007,610419,573
2007,610452,108
2007,610462,286
2007,610520,34972
2007,610910,3137052
2007,611241,20602
2007,620112,2914
2007,620212,3077
2007,620322,4580
2007,620342,19648
2007,620422,2996
2007,620442,4005
2007,620443,146
2007,620452,4208
2007,620462,31099
2007,620463,271
2007,620520,1919
2007,620630,3887
2007,620640,901
2007,621490,176
2007,630130,9247338
2007,630221,1169567
2007,630222,4795719
2007,630231,500890
2007,630232,113288
2007,630253,268584
2007,630259,4616
2007,630419,60399
2007,630532,741301
2007,630533,824879
2007,650699,321
2007,670290,16117
2007,680100,55038
2007,680292,19581
2007,680293,8
2007,680299,8
2007,681599,15790
2007,701391,1579
2007,702000,11
2007,710310,434812
2007,710399,5478
2007,711719,138
2007,730900,20078
2007,731920,4759
2007,731930,33690
2007,731990,4088
2007,732690,92
2007,741529,8276
2007,830810,10208
2007,841480,25098
2007,841981,14565
2007,842121,36789
2007,843680,1554
2007,846719,794
2007,846721,1921
2007,848180,455
2007,848390,3530
2007,853922,2590
2007,901590,117197
2007,901813,5892
2007,910390,48
2007,940130,446
2007,940140,886
2007,940161,5647
2007,940171,571
2007,940180,229
2007,940190,8049
2007,940310,434
2007,940320,3333
2007,940350,3550
2007,940360,44045
2007,940381,7348
2007,940390,6190
2007,940429,2937
2007,940490,4737
2007,940520,353
2007,960621,20908
2007,999802,2110
2008,10190,6000
2008,30232,497009
2008,30234,27946
2008,30239,2159871
2008,30267,550875
2008,30269,1627783
2008,30342,108999
2008,30344,83804
2008,30349,244641
2008,30361,2481373
2008,30379,762373
2008,30429,77293
2008,30611,13676853
2008,30613,24980580
2008,40900,2114569
2008,51199,1722614
2008,60319,205793
2008,60491,5425
2008,70960,81
2008,70990,374994
2008,80111,16586
2008,80119,1586
2008,80132,44644627
2008,80300,14411366
2008,80430,16541
2008,80440,14
2008,80450,5675120
2008,80590,7
2008,80610,729702
2008,80711,5157913
2008,80719,64993158
2008,80720,7652567
2008,81090,26
2008,100590,1852
2008,110630,192857
2008,121220,9202
2008,130219,1404540
2008,152110,4782625
2008,170111,4976800
2008,170199,23214261
2008,170410,3802137
2008,170490,16238248
2008,190110,9328
2008,190410,6686
2008,190420,2778
2008,190531,669
2008,200819,534876
2008,200980,17986
2008,210500,24029
2008,220710,18452236
2008,230910,2998855
2008,250100,5013752
2008,250610,22937
2008,250620,23347
2008,250700,446901
2008,251612,3409083
2008,252910,246078
2008,260111,5898239
2008,261100,1515850
2008,261590,108000
2008,261790,90091
2008,330129,160494
2008,340119,3746
2008,340211,2907
2008,340290,9562
2008,340520,1852
2008,380894,10902
2008,380991,239
2008,380992,8701
2008,392190,4114813
2008,400829,10
2008,401693,327
2008,401699,15
2008,420212,1360
2008,420292,14097
2008,481910,38340
2008,481940,1824
2008,490890,28
2008,520419,46736
2008,520420,171158
2008,520942,133593
2008,521011,386920
2008,521059,164383
2008,521142,398989
2008,540110,35302
2008,540219,9411
2008,540231,290
2008,540233,322008
2008,540239,4528
2008,540252,281096
2008,540333,68
2008,540600,9105
2008,550810,353045
2008,560500,3044
2008,560750,8800
2008,600622,117925
2008,610322,430
2008,610422,592
2008,610442,162
2008,610449,354
2008,610610,11080
2008,610620,200
2008,610711,75
2008,610721,434
2008,610821,96
2008,610831,2263
2008,610910,1061540
2008,611011,225
2008,611020,1022
2008,611120,22423
2008,611241,19918
2008,620212,874
2008,620322,5055
2008,620342,10485
2008,620343,902
2008,620422,11427
2008,620423,1083
2008,620429,2582
2008,620431,298
2008,620432,1182
2008,620433,969
2008,620442,3806
2008,620443,1502
2008,620444,5900
2008,620449,699
2008,620452,2182
2008,620453,1690
2008,620462,30879
2008,620463,2173
2008,620469,1410
2008,620520,458
2008,620590,2217
2008,620630,7412
2008,620640,2666
2008,620899,3169
2008,620990,6988
2008,621050,206
2008,621111,7598
2008,621112,52299
2008,621120,3611
2008,621710,1238
2008,630130,10498842
2008,630140,32262
2008,630221,2304216
2008,630222,4614008
2008,630231,461161
2008,630232,26988
2008,630253,337496
2008,630419,103553
2008,630532,410147
2008,630533,598975
2008,630691,8378
2008,640399,12966
2008,640419,344
2008,650590,11903
2008,670290,11752
2008,680100,32779
2008,680292,78291
2008,681599,3819
2008,710310,52368
2008,731512,308
2008,731829,13
2008,731920,4852
2008,731930,33521
2008,731990,3260
2008,732399,14875
2008,732690,5
2008,741529,6684
2008,761699,172
2008,811212,23900
2008,830810,19210
2008,840999,386
2008,842121,20777
2008,847150,7972
2008,847989,30000
2008,848120,94
2008,848140,44620
2008,848180,644
2008,848210,65
2008,848410,159
2008,854370,4387
2008,870850,97
2008,870899,1577
2008,871419,318
2008,901590,1000
2008,901813,2546
2008,901819,345
2008,902290,4424
2008,960621,5537
2008,960622,2901
2008,960629,522
2008,960719,149
2008,961800,1148
2008,999801,154589
2009,30232,204477
2009,30234,217734
2009,30239,1946418
2009,30267,456954
2009,30269,1560911
2009,30341,11130
2009,30344,155777
2009,30361,2819926
2009,30379,500566
2009,30421,9000
2009,30429,7958
2009,30611,3931846
2009,30613,16870437
2009,30614,18854
2009,30621,22569
2009,30759,44
2009,40900,4490553
2009,51199,3195820
2009,60319,259790
2009,60491,21665
2009,70990,270771
2009,80111,13135
2009,80119,19232
2009,80132,41874760
2009,80300,13906635
2009,80430,3267
2009,80440,647
2009,80450,7151435
2009,80590,18
2009,80711,4335726
2009,80719,45626187
2009,80720,5088480
2009,81090,606
2009,81190,208091
2009,90121,6983
2009,110630,445472
2009,130219,635702
2009,152110,2936536
2009,170111,1947231
2009,170199,16218040
2009,170410,2705510
2009,170490,14147537
2009,180690,157513
2009,190110,2534
2009,190410,6058
2009,190531,35
2009,190532,209
2009,200819,1149942
2009,200980,627
2009,250100,15791503
2009,250620,36971
2009,250700,307584
2009,251612,1363171
2009,252910,46872
2009,261100,1172360
2009,261590,100000
2009,293499,7000
2009,300490,41466
2009,330129,116594
2009,382200,4025
2009,390690,2312
2009,392190,5823627
2009,420222,11012
2009,420231,95
2009,420239,780
2009,442010,4663
2009,442190,608
2009,481910,1505
2009,482010,26
2009,520419,48415
2009,520420,144840
2009,520531,1262
2009,520532,703
2009,520832,15732
2009,520841,1858
2009,520919,13627
2009,520922,232580
2009,520929,36153
2009,520932,242255
2009,520939,300145
2009,520942,46838
2009,520952,58612
2009,521132,1280
2009,521142,22660
2009,521152,31
2009,540110,10891
2009,540233,65230
2009,540247,21655
2009,540252,394842
2009,540262,1813
2009,540600,3248
2009,550810,179460
2009,550921,373568
2009,560500,2191
2009,560750,7940
2009,560890,5301
2009,580890,14
2009,610462,60
2009,611241,14684
2009,621111,13692
2009,621112,22188
2009,630130,11527387
2009,630140,8639
2009,630221,6051317
2009,630222,4160507
2009,630231,118378
2009,630232,22221
2009,630253,255627
2009,630419,242375
2009,630532,30000
2009,630533,16649
2009,630691,44118
2009,640220,9912
2009,650699,1193
2009,680100,56154
2009,681299,8
2009,681599,3263
2009,691090,124
2009,691390,419
2009,691490,182
2009,701391,176
2009,710399,742
2009,711790,66
2009,731816,51
2009,731824,4
2009,731920,8507
2009,731930,44677
2009,731990,51
2009,732181,27018
2009,741529,9943
2009,761290,8584
2009,811212,25400
2009,820510,72
2009,821420,5867
2009,830810,12656
2009,841869,11808
2009,841981,42314
2009,841989,11210
2009,841990,2263
2009,842121,344
2009,842230,5389
2009,842430,1131
2009,843390,1844
2009,843850,15799
2009,843860,6216
2009,843880,16443
2009,845230,31
2009,847160,64
2009,847170,22
2009,848330,9
2009,871680,515
2009,902290,1683
2009,940180,243
2009,940520,101
2009,950629,554
2009,960200,45
2009,960329,118
2009,960621,13834
2009,960629,150
2009,961519,111
2009,970110,131
2009,999802,389736
2010,10190,6000
2010,30232,332464
2010,30234,469750
2010,30239,1432507
2010,30267,954957
2010,30269,1409540
2010,30342,27391
2010,30344,143873
2010,30361,3700254
2010,30379,669293
2010,30380,44434
2010,30411,356417
2010,30419,12096
2010,30421,212407
2010,30429,4923
2010,30559,195378
2010,30611,4995484
2010,30613,6548615
2010,40900,1840338
2010,51191,33653
2010,51199,4532995
2010,60319,256735
2010,60491,11120
2010,70990,243891
2010,71420,31228
2010,80119,3769
2010,80132,45945003
2010,80300,17644906
2010,80430,416
2010,80450,8084290
2010,80711,4931235
2010,80719,45708351
2010,80720,2600735
2010,81190,392783
2010,90121,13521
2010,110630,492067
2010,130219,1270479
2010,151590,180
2010,152110,7706324
2010,152190,3955
2010,170111,6012236
2010,170199,21611240
2010,170410,3431055
2010,170490,10082642
2010,180690,1258
2010,200819,675760
2010,210690,380
2010,250100,14277971
2010,250510,131
2010,250610,1152
2010,250620,40983
2010,250700,207900
2010,251612,6068611
2010,252910,245700
2010,253090,7500
2010,261100,723516
2010,261590,376760
2010,261790,53716
2010,271019,326
2010,271290,295
2010,271600,9357405
2010,290532,116
2010,291570,468
2010,321590,413
2010,330129,930550
2010,340119,275
2010,340212,25412
2010,340219,27845
2010,340290,17370
2010,340319,558
2010,340399,241
2010,340530,1791
2010,350610,580
2010,350691,207
2010,380992,389
2010,381010,2016
2010,381090,58
2010,390220,5863
2010,391000,1703
2010,391739,108
2010,391740,76
2010,392099,13
2010,392190,6850699
2010,392310,3177
2010,392390,50839
2010,392630,469
2010,400129,408
2010,400700,236
2010,400931,145
2010,401693,612
2010,420222,7907
2010,442190,1843
2010,482010,69
2010,482390,7
2010,520419,19912
2010,520420,94165
2010,520841,54
2010,520939,25383
2010,540110,5629
2010,540233,77534
2010,540252,583962
2010,540600,1380
2010,550810,71273
2010,550921,1331713
2010,560500,664
2010,560750,8837
2010,560890,400
2010,590610,137
2010,610462,91
2010,611239,114
2010,611241,12363
2010,620443,392
2010,620452,45
2010,620463,17
2010,620630,14
2010,620640,79
2010,621112,16584
2010,630130,12635194
2010,630221,9547280
2010,630222,2296688
2010,630231,153964
2010,630253,329883
2010,630419,67287
2010,630533,6480
2010,630691,19440
2010,640220,53993
2010,650699,1355
2010,680100,41601
2010,680422,45
2010,680520,205
2010,681599,43
2010,690890,12699
2010,702000,345
2010,710399,250
2010,730300,188
2010,731300,112
2010,731815,34
2010,731816,490
2010,731819,461
2010,731920,5568
2010,731930,70018
2010,731990,55
2010,732619,1622
2010,732690,8772
2010,741220,1348
2010,741521,222
2010,741529,2255
2010,761610,19
2010,780600,2027
2010,800300,179
2010,820411,225
2010,820551,184
2010,820730,311
2010,820740,74
2010,830810,1339
2010,830890,2200
2010,831110,150
2010,841370,90379
2010,841391,13
2010,841490,92
2010,841850,27816
2010,841981,5118
2010,841990,3621
2010,842123,59
2010,846799,284
2010,851580,114
2010,851590,123
2010,853590,213
2010,853610,107
2010,854442,58
2010,870899,373
2010,901580,620
2010,902290,1267
2010,902620,961
2010,902680,527
2010,902830,788
2010,903031,579
2010,940320,1013
2010,940390,2967
2010,960350,142
2010,960390,185
2010,960621,24154
2010,960622,1112
2010,961390,122
2010,999802,571147
2011,30232,149383
2011,30234,216239
2011,30239,732377
2011,30262,1300
2011,30267,611754
2011,30269,1289882
2011,30341,1939499
2011,30342,4446295
2011,30344,3147195
2011,30361,4154810
2011,30374,21301
2011,30375,94979
2011,30379,361527
2011,30380,66361
2011,30421,609907
2011,30429,2134
2011,30559,728674
2011,30611,4879454
2011,30613,378008
2011,40900,4524547
2011,51191,75846
2011,51199,4270887
2011,60319,175269
2011,60491,12073
2011,70990,13728
2011,80111,1779
2011,80119,210
2011,80132,50177836
2011,80300,13621237
2011,80430,3733
2011,80450,10691120
2011,80711,6039641
2011,80719,50490579
2011,80720,3929559
2011,81190,413764
2011,110630,912511
2011,130219,1202710
2011,151590,4860
2011,152110,5746787
2011,170111,7630356
2011,170410,869267
2011,170490,11840477
2011,190110,76884
2011,200819,1618764
2011,200980,59089
2011,220190,6957
2011,220710,1378993
2011,250100,8832929
2011,250410,38
2011,250620,156999
2011,250700,230980
2011,251612,7855508
2011,252910,189540
2011,253090,5000
2011,260112,3151422
2011,261100,3365551
2011,261790,12794
2011,271019,1689
2011,271600,1432661
2011,321410,613
2011,330129,203113
2011,340211,61
2011,340212,142974
2011,340219,229
2011,340220,257
2011,340290,662
2011,350699,193
2011,381119,98
2011,391000,596
2011,392190,4272424
2011,392310,166
2011,392330,10391
2011,392390,19007
2011,420222,17953
2011,440290,4484
2011,520419,51844
2011,520420,202281
2011,520922,11974
2011,520929,5091
2011,520939,64828
2011,521031,373053
2011,521051,528653
2011,521142,992
2011,540110,5393
2011,540233,83621
2011,540252,799712
2011,550810,63004
2011,551321,756871
2011,551341,912547
2011,560410,99
2011,560500,135
2011,560750,2812
2011,590900,60
2011,610910,418
2011,611780,160
2011,620443,341
2011,620452,347
2011,620462,741
2011,620520,62731
2011,620530,19205
2011,620590,17508
2011,620640,698
2011,621112,7760
2011,630130,132953
2011,630221,9089274
2011,630222,2205042
2011,630231,178898
2011,630251,37993
2011,630253,322837
2011,630419,122738
2011,630612,300
2011,630691,95948
2011,640220,125315
2011,640699,120
2011,650610,240
2011,660110,150
2011,660199,50
2011,680100,7500
2011,690890,423514
2011,721069,300
2011,731290,10
2011,731824,10718
2011,731920,1205
2011,731930,80939
2011,741529,1529
2011,761511,100
2011,811212,141250
2011,820110,30
2011,820190,40
2011,820210,50
2011,820310,10
2011,820320,40
2011,820510,330
2011,820520,1180
2011,820559,200
2011,820719,500
2011,820890,40
2011,830810,15
2011,840890,1040
2011,841869,14214
2011,841981,8880
2011,843049,4000000
2011,843143,12910
2011,843850,1833
2011,847910,80
2011,850431,50
2011,852610,1250
2011,852691,2446
2011,852692,1720
2011,854890,596756
2011,900190,2400
2011,940320,10880
2011,940520,222
2011,960390,10
2011,960400,30
2011,960621,28289
2011,961700,160
2011,999802,651689
2012,30232,479751
2012,30234,986066
2012,30239,755308
2012,30247,642728
2012,30259,448422
2012,30279,9507
2012,30289,977206
2012,30341,1402624
2012,30342,2361117
2012,30344,1967230
2012,30354,4644
2012,30357,2669898
2012,30381,12678
2012,30389,441872
2012,30390,530970
2012,30445,79952
2012,30484,811698
2012,30489,11172
2012,30571,556169
2012,30572,118668
2012,30611,4205125
2012,40900,738012
2012,51191,7925
2012,51199,12021989
2012,60319,82069
2012,70993,40439
2012,71420,17932
2012,80131,698413
2012,80132,36593960
2012,80390,13510049
2012,80450,9017840
2012,80711,7799416
2012,80719,53974218
2012,80720,3860804
2012,81190,765558
2012,110630,383208
2012,120999,54
2012,130219,843810
2012,151590,8415
2012,152110,5494251
2012,170114,4797092
2012,170199,6703804
2012,170410,1310974
2012,170490,15506047
2012,190110,37791
2012,200819,4677258
2012,200989,288156
2012,210690,3684
2012,220710,2005748
2012,250100,2201387
2012,250610,8833
2012,250620,107941
2012,250700,322373
2012,250840,7210
2012,251512,27392
2012,251612,5806260
2012,251810,2
2012,252910,341278
2012,253090,16000
2012,260111,371301
2012,260112,2753896
2012,261100,3458819
2012,261790,140000
2012,271600,8459342
2012,283650,2
2012,330129,354781
2012,330590,38
2012,340212,130980
2012,391723,79522
2012,392190,10357550
2012,392330,302995
2012,400299,3290
2012,410190,24000
2012,481950,2425
2012,482110,268
2012,520419,41486
2012,520420,250658
2012,520852,4766
2012,520922,10348
2012,520932,645
2012,520952,8952
2012,520959,66062
2012,521142,16039
2012,540110,2078
2012,540233,53753
2012,540252,533865
2012,550810,27766
2012,551321,349941
2012,551341,380555
2012,560750,5343
2012,580710,71
2012,580790,3281
2012,611241,90934
2012,620520,162098
2012,630221,2071881
2012,630251,25570
2012,630253,181010
2012,630419,31656
2012,630533,2890
2012,630690,66349
2012,630691,22150
2012,630790,248
2012,680100,14221
2012,680293,28952
2012,690890,611498
2012,710813,383011
2012,720421,175300
2012,720449,61322
2012,731822,328
2012,731824,2667
2012,731930,5879
2012,731940,46116
2012,732393,12156
2012,732690,7392
2012,741529,136
2012,820510,480
2012,821110,62
2012,830890,17071
2012,841370,1625
2012,842911,1671
2012,843710,500
2012,843880,27027
2012,847990,15234
2012,848140,14695
2012,848340,549
2012,852550,178217
2012,854520,67
2012,870829,8
2012,870899,42
2012,901320,1216
2012,901580,11855
2012,901813,10710
2012,903010,72232
2012,960621,6846
2012,960622,32747
2012,999802,714001
2013,30232,835168
2013,30234,1786120
2013,30239,1692277
2013,30247,1105019
2013,30259,423801
2013,30289,766639
2013,30341,352383
2013,30342,474729
2013,30344,280842
2013,30357,699021
2013,30389,237473
2013,30390,375886
2013,30491,5405
2013,30571,269798
2013,30572,293781
2013,30611,5651576
2013,30617,2258314
2013,51191,135000
2013,51199,10993794
2013,60319,101874
2013,60420,115
2013,60490,487
2013,70993,38759
2013,71420,47773
2013,80111,1214
2013,80132,23820414
2013,80390,10863099
2013,80450,6568450
2013,80711,8747641
2013,80719,58230162
2013,80720,4884870
2013,81190,1841528
2013,110100,807
2013,110630,47417
2013,130219,666319
2013,151590,11546
2013,152110,3355238
2013,170114,5173908
2013,170410,1537151
2013,170490,17154798
2013,180690,8155
2013,190110,68920
2013,200819,2682962
2013,200989,1283
2013,250100,6346577
2013,250610,1430
2013,250620,119824
2013,250700,299874
2013,251512,294937
2013,251612,6578628
2013,252510,326832
2013,261100,5438111
2013,261790,49760
2013,271019,8550016
2013,284440,400
2013,330129,2550
2013,340212,139048
2013,391723,35792
2013,392190,9517567
2013,392310,2649
2013,392330,277915
2013,392390,18880
2013,392510,176
2013,392690,8169
2013,400690,424
2013,401693,12364
2013,420222,11680
2013,481910,619
2013,482010,4
2013,520419,49003
2013,520420,284349
2013,520822,33097
2013,520829,108
2013,520832,19307
2013,520833,13450
2013,520839,88
2013,520852,427
2013,520859,397
2013,520912,137965
2013,520921,480
2013,520922,4939748
2013,520929,1209760
2013,520932,1587313
2013,520939,803644
2013,520942,1978083
2013,520943,17374
2013,520952,587344
2013,520959,71103
2013,521011,551
2013,521019,135
2013,521029,53
2013,521032,556
2013,521111,38
2013,521112,370
2013,521119,61
2013,521120,436060
2013,521132,13141
2013,521139,10419
2013,521142,148095
2013,521143,87427
2013,521149,35139
2013,521152,20843
2013,521159,328988
2013,521214,12711
2013,521224,84000
2013,540110,3080
2013,540233,45871
2013,540252,349352
2013,540710,146
2013,550810,33287
2013,560750,6584
2013,580790,3730
2013,591000,1646
2013,610459,6208
2013,611241,8193
2013,620322,22626
2013,620422,1200
2013,620429,2862
2013,620442,5931
2013,620520,16582
2013,620530,2163
2013,620920,795
2013,630221,2608389
2013,630231,10717
2013,630251,71471
2013,630253,171351
2013,630419,33326
2013,630533,32306
2013,630690,55187
2013,630790,65
2013,650699,15074
2013,680293,112565
2013,680421,1145
2013,680520,126
2013,690890,135407
2013,691490,1589
2013,710310,353699
2013,710813,1131957
2013,720421,152568
2013,720449,41908
2013,730661,1481
2013,730820,307137
2013,730840,5752
2013,730900,15981
2013,731029,969
2013,731100,17601
2013,731582,493
2013,731813,8995
2013,731814,63
2013,731829,2
2013,731940,15432
2013,732393,2024
2013,732690,1080638
2013,740400,142891
2013,760429,445
2013,820411,1571
2013,820420,16212
2013,820510,2835
2013,820520,10451
2013,820559,2147
2013,820750,11342
2013,841330,55
2013,841360,730
2013,841370,8794
2013,841480,5720
2013,841510,506
2013,841981,13830
2013,842389,3085
2013,842430,51896
2013,842511,3762
2013,842519,834
2013,842542,704
2013,842951,9759
2013,843143,33725
2013,844630,23198
2013,844849,4133
2013,845690,10635
2013,846711,916
2013,846719,4239
2013,846729,2102
2013,847910,818
2013,847989,20990
2013,847990,49297
2013,848060,6242
2013,848140,36404
2013,848180,163
2013,850134,3750
2013,850300,1100
2013,851410,1818
2013,851580,261
2013,851590,384
2013,852691,600
2013,852990,600
2013,853710,321457
2013,854370,64253
2013,854390,1595
2013,854520,89
2013,860900,20245
2013,870829,1
2013,871680,936
2013,880529,3000
2013,901580,6720
2013,901590,65552
2013,901730,613
2013,901780,304228
2013,901890,139
2013,902519,269
2013,902730,9681
2013,902750,2640
2013,902780,2200
2013,902790,31664
2013,903180,1100
2013,940310,4154
2013,940600,148967
2013,960621,5060
2013,960622,993
2013,960720,2244
2013,999801,1434008
2013,999802,566422
2014,30232,713277
2014,30234,2037466
2014,30239,1833804
2014,30244,2363
2014,30247,918409
2014,30259,38733
2014,30289,1295878
2014,30341,5566
2014,30342,56476
2014,30344,178943
2014,30357,1016931
2014,30389,281140
2014,30390,2425493
2014,30445,12786
2014,30454,1047
2014,30484,390146
2014,30571,195920
2014,30572,88404
2014,30611,4228912
2014,30617,1968549
2014,40900,77520
2014,50790,670010
2014,51199,8036703
2014,60319,82287
2014,70993,122140
2014,80119,196
2014,80132,20092203
2014,80390,6299030
2014,80430,2666
2014,80450,6534566
2014,80711,9015739
2014,80719,60054362
2014,80720,8141362
2014,81190,433704
2014,110630,3275
2014,130219,554544
2014,151590,45626
2014,152110,530416
2014,170114,1126940
2014,170199,336555
2014,170410,1031840
2014,170490,10126428
2014,180690,1103
2014,200819,3176121
2014,250100,19033349
2014,250620,453560
2014,250700,66553
2014,251511,64651
2014,251512,1132077
2014,251611,13769
2014,251612,5757855
2014,252010,26
2014,252510,186380
2014,260112,1755831
2014,260300,150900
2014,261100,10626666
2014,261790,15960
2014,271019,23734
2014,284440,400
2014,330590,1303
2014,340212,129637
2014,370390,315
2014,390530,12052
2014,391590,103085
2014,391729,3784
2014,391810,1374
2014,392190,13400904
2014,392330,252710
2014,392390,154719
2014,392520,6604
2014,392690,416
2014,400922,1500
2014,401039,105
2014,401693,659
2014,401699,1084
2014,420229,34
2014,420292,2483
2014,441011,3161
2014,441114,27173
2014,441820,1421
2014,481141,5
2014,482020,28
2014,482370,14538
2014,520419,26981
2014,520420,116004
2014,520822,7088
2014,520823,3919
2014,520832,608856
2014,520833,25300
2014,520849,2543
2014,520852,851390
2014,520859,30198
2014,520912,178158
2014,520922,11786055
2014,520929,2195020
2014,520932,3334242
2014,520939,2961331
2014,520942,3437628
2014,520952,919591
2014,520959,43631
2014,521120,489833
2014,521132,7463
2014,521139,336184
2014,521142,26535
2014,521143,968
2014,521152,32418
2014,521159,59445
2014,521214,6476
2014,521224,15228
2014,540110,659
2014,540233,31061
2014,550810,8486
2014,551321,103985
2014,551341,572042
2014,560750,20
2014,590900,10437
2014,610449,78768
2014,610463,1657
2014,610469,66930
2014,610620,208
2014,610690,17528
2014,611212,417
2014,611249,114174
2014,611430,1227
2014,620520,27
2014,621111,275
2014,621112,61097
2014,621210,4853
2014,630231,123938
2014,630419,3245
2014,630590,15200
2014,630690,68600
2014,640220,1458
2014,640411,2785
2014,650610,97
2014,680100,7922
2014,680223,50964
2014,680293,1350728
2014,680919,1572
2014,690890,99579
2014,702000,84
2014,710310,466563
2014,710813,1202941
2014,711790,3170
2014,720410,70676
2014,720421,61736
2014,721661,229
2014,721699,2759
2014,730799,3994
2014,730890,1878
2014,730900,749
2014,731589,3714
2014,731590,118
2014,731812,952
2014,731815,3817
2014,731816,155
2014,731822,1003
2014,731829,200
2014,731940,178
2014,732690,205347
2014,740400,585835
2014,741533,40
2014,760200,595786
2014,820310,16
2014,820320,286
2014,820412,49
2014,820520,548
2014,820530,125
2014,820559,173
2014,820590,10
2014,820719,26
2014,830140,107
2014,840420,1380
2014,841350,1249
2014,841391,2861
2014,842121,35
2014,842123,150
2014,842131,398
2014,842199,34
2014,842490,3
2014,842911,915
2014,844540,44980
2014,844590,20878
2014,846291,1540
2014,846591,771
2014,847141,1304
2014,847160,46
2014,847990,761
2014,848180,11015
2014,848210,289
2014,848250,305
2014,848330,227
2014,848350,30
2014,848360,50
2014,850131,40
2014,850152,586
2014,850440,540
2014,850780,2872
2014,851590,150
2014,851770,1436
2014,852580,1127
2014,852851,815
2014,853180,717
2014,853400,1585
2014,853610,2204
2014,853620,39
2014,853649,265
2014,853650,748
2014,853690,2155
2014,853890,221
2014,854110,70
2014,854140,303
2014,854420,374
2014,854442,558
2014,854449,892
2014,880529,1327
2014,901320,40537
2014,902000,500
2014,902519,27
2014,902620,9
2014,902990,95
2014,903032,176
2014,903033,350
2014,903180,2192
2014,903289,445
2014,940159,408
2014,940320,614
2014,940330,530
2014,940350,171
2014,940360,2267
2014,940381,72
2014,950629,28328
2014,960350,472
2014,960621,15649
2014,960622,30597
2014,960711,1873
2014,960720,1929
2014,960820,8
2014,999802,559980
2015,30232,1694812
2015,30234,4346184
2015,30239,4655147
2015,30244,6703
2015,30247,2118447
2015,30289,1614814
2015,30290,300
2015,30332,4260
2015,30341,1965
2015,30342,9181
2015,30344,56656
2015,30357,665672
2015,30389,382200
2015,30390,2476085
2015,30484,860648
2015,30571,148248
2015,30572,77980
2015,30611,6841291
2015,30617,114152
2015,50790,718479
2015,51199,4408953
2015,60319,62803
2015,70960,14291
2015,70999,182626
2015,80119,1950
2015,80132,17323001
2015,80390,2452903
2015,80450,7011338
2015,80711,12438159
2015,80719,63204786
2015,80720,10649478
2015,81190,732846
2015,110630,77574
2015,110812,1036
2015,130219,101622
2015,151590,96706
2015,170199,1855829
2015,170410,343662
2015,170490,8464166
2015,180690,6148
2015,190110,49520
2015,190410,1705
2015,200819,3054046
2015,200989,3190
2015,230910,1265984
2015,250100,25070327
2015,250620,35361
2015,251511,26992
2015,251611,16806
2015,251612,4458353
2015,252510,406950
2015,252910,1836
2015,261100,3383443
2015,271019,65989251
2015,284440,400
2015,391590,97017
2015,392119,1936
2015,392190,9544675
2015,392321,2861
2015,392330,166911
2015,392390,307912
2015,400921,9
2015,410411,322493
2015,520419,920
2015,520420,106492
2015,520822,8704
2015,520832,306197
2015,520843,189
2015,520849,48990
2015,520852,414930
2015,520859,168775
2015,520912,337680
2015,520922,12638336
2015,520929,1733803
2015,520932,4219100
2015,520939,1352164
2015,520942,7327141
2015,520949,103811
2015,520952,362062
2015,520959,14006
2015,521120,774168
2015,521132,1168
2015,521139,261300
2015,521142,307374
2015,521149,562718
2015,521152,11892
2015,521159,36461
2015,521224,3012
2015,540233,49573
2015,550810,9943
2015,551341,154224
2015,580710,4510
2015,600622,110581
2015,600632,154309
2015,600642,64217
2015,610290,569
2015,610463,24076
2015,610610,90
2015,610910,115
2015,610990,238
2015,611211,33
2015,611231,563
2015,611241,32521
2015,621210,23169
2015,621290,535
2015,630231,6045
2015,630419,2515
2015,630690,46308
2015,650500,1220
2015,680223,18407
2015,680293,1823993
2015,691090,880
2015,701090,1361
2015,701810,60
2015,710310,2127
2015,710399,101023
2015,710813,1381083
2015,711790,4808
2015,720421,53469
2015,720449,10771
2015,720690,107179
2015,731815,11
2015,732393,19228
2015,732690,3588
2015,740400,3790309
2015,760200,1005519
2015,841191,12885
2015,841290,358
2015,841919,5711
2015,842832,22553
2015,842839,78657
2015,843710,86118
2015,844630,974520
2015,845129,52000
2015,847330,7146
2015,848220,111
2015,848330,292
2015,851762,5285
2015,852550,1338
2015,870333,108908
2015,880529,976
2015,901580,3485
2015,940169,17204
2015,940171,3308
2015,940330,364
2015,960621,7290
2015,960622,3033
2015,960720,5502
2015,999802,362196
2016,30229,4155
2016,30232,2277244
2016,30234,4882709
2016,30239,2663711
2016,30244,2790
2016,30247,3232789
2016,30289,1596450
2016,30342,6619
2016,30344,46008
2016,30357,906467
2016,30381,12411
2016,30389,379043
2016,30390,1618640
2016,30484,834061
2016,30571,107146
2016,30611,3728243
2016,30617,2541799
2016,40610,13073
2016,50790,1037365
2016,51199,2076686
2016,60319,53562
2016,70993,13551
2016,70999,567892
2016,71420,13350
2016,80111,28
2016,80119,18285
2016,80132,25183475
2016,80251,18
2016,80310,10
2016,80390,2498268
2016,80420,34691
2016,80430,3570
2016,80440,5891
2016,80450,6690324
2016,80550,32260
2016,80711,16132794
2016,80719,75287718
2016,80720,11885579
2016,81190,190092
2016,110630,209955
2016,130219,773623
2016,151590,163955
2016,170114,2247258
2016,170199,643503
2016,170410,55214
2016,170490,9644337
2016,180690,692
2016,200811,253
2016,200819,4096890
2016,200820,6471
2016,200899,494429
2016,200939,15194
2016,200989,48047
2016,210690,39015
2016,220210,17
2016,220840,2075
2016,230910,7013746
2016,250100,25800320
2016,250620,28774
2016,251612,5188261
2016,252510,997749
2016,252910,50
2016,261100,2040665
2016,261590,1139782
2016,310100,259502
2016,330129,183298
2016,330510,15213
2016,330590,24874
2016,340111,8515
2016,340119,85
2016,340211,23
2016,340290,135
2016,340590,361
2016,391590,191739
2016,392190,9169200
2016,392330,139697
2016,392390,122041
2016,401699,109
2016,410120,9863
2016,420222,2364
2016,490110,2717
2016,490290,27
2016,490900,51
2016,520419,1827
2016,520420,73863
2016,520822,38607
2016,520823,198
2016,520832,345285
2016,520843,23618
2016,520849,197123
2016,520852,435951
2016,520859,381004
2016,520912,249722
2016,520922,11194576
2016,520929,3056455
2016,520932,4026990
2016,520939,1183001
2016,520942,3847728
2016,520949,291694
2016,520952,413589
2016,520959,17228
2016,521120,164227
2016,521132,698
2016,521139,194229
2016,521142,54836
2016,521143,96
2016,521149,1628466
2016,521152,31642
2016,521159,21623
2016,540110,117330
2016,540233,309929
2016,540262,161047
2016,540600,100
2016,550810,9263
2016,551341,357799
2016,551611,19979
2016,551614,871
2016,551621,13979
2016,551622,4363
2016,551641,7078
2016,551691,1370
2016,610342,1451
2016,610443,1322
2016,610453,31
2016,610462,17
2016,610463,3116
2016,610469,2013
2016,610510,1321
2016,610520,546
2016,610620,2718
2016,610829,132
2016,610910,1942
2016,611020,108
2016,611219,907
2016,611231,533
2016,611241,602
2016,611249,310
2016,620449,11827
2016,620469,9422
2016,620630,5973
2016,620690,17603
2016,621112,3907
2016,621210,280
2016,630221,72283
2016,630231,1403
2016,630251,472
2016,630419,4125
2016,630510,2000
2016,630690,13002
2016,640399,4667
2016,640420,928
2016,650500,681
2016,680293,5474343
2016,680299,395641
2016,710310,492905
2016,710391,11771
2016,710399,175851
2016,711790,2749
2016,720410,112344
2016,720421,77032
2016,732690,7945
2016,740400,2672076
2016,760200,2320532
2016,760429,30
2016,821420,16
2016,840999,15620
2016,841582,91
2016,841869,55
2016,841989,46
2016,843359,45668
2016,844590,53283
2016,844839,4230
2016,845150,40000
2016,846693,3372
2016,846694,128
2016,847989,10161
2016,850440,285029
2016,853650,1249
2016,853690,2044
2016,870290,68000
2016,870322,12894
2016,870333,147912
2016,870790,309
2016,870829,340
2016,870840,155
2016,870899,62
2016,901780,5
2016,902110,1442
2016,903290,408
2016,940171,243
2016,940330,61
2016,940540,61
2016,950450,209
2016,960621,12224
2016,970300,309
2016,999802,286558
2017,20690,2439
2017,30232,2788466
2017,30234,4877870
2017,30239,546932
2017,30244,6810
2017,30247,1480416
2017,30289,1422228
2017,30332,2961
2017,30342,13011
2017,30344,22021
2017,30357,755085
2017,30381,3626
2017,30389,149489
2017,30391,1801966
2017,30392,34911
2017,30484,757388
2017,30499,33737
2017,30571,154304
2017,30572,16162
2017,30611,2588751
2017,40610,1002
2017,50790,152065
2017,51199,8154983
2017,60319,68915
2017,70993,512790
2017,71010,10310
2017,80119,150583
2017,80132,21852025
2017,80390,519445
2017,80420,1252
2017,80450,8625392
2017,80711,23089828
2017,80719,108147751
2017,80720,10711076
2017,90121,9120
2017,90411,177800
2017,90620,2403
2017,110630,43099
2017,130219,765197
2017,151519,18125
2017,151590,202836
2017,170114,3067458
2017,170410,67353
2017,170490,6183791
2017,180610,10698
2017,200811,24
2017,200819,5439324
2017,200820,40381
2017,200899,858634
2017,200939,37422
2017,200989,140
2017,210111,4597
2017,210690,15000
2017,220840,7800
2017,230910,1033590
2017,250100,20802044
2017,250610,5399
2017,250700,9531
2017,251611,35023
2017,251612,3546056
2017,252510,1149374
2017,252910,15116
2017,260300,104303
2017,261100,3973804
2017,261590,881930
2017,284440,300
2017,310100,867403
2017,330129,188756
2017,391590,17783
2017,392020,631
2017,392190,8606432
2017,392321,0
2017,392330,271
2017,392390,56795
2017,392590,126
2017,392690,525
2017,401140,287
2017,420222,268
2017,481910,12631
2017,490290,29
2017,491110,0
2017,520420,45133
2017,520512,1208294
2017,520822,243075
2017,520831,16100
2017,520832,104061
2017,520839,51480
2017,520843,56029
2017,520849,57940
2017,520851,19320
2017,520852,194544
2017,520859,239614
2017,520912,605101
2017,520922,8699837
2017,520929,1558146
2017,520932,5708727
2017,520939,1273613
2017,520942,2526023
2017,520949,83773
2017,520952,397936
2017,520959,255753
2017,521011,3152
2017,521120,205614
2017,521132,5846
2017,521139,324294
2017,521142,1161
2017,521149,611718
2017,521152,18759
2017,521159,36698
2017,540110,459002
2017,540233,24991
2017,540262,121989
2017,540600,151
2017,550810,29976
2017,551341,229670
2017,551519,659
2017,551611,26437
2017,551614,54644
2017,551622,4645
2017,551692,1096
2017,560721,199210
2017,610342,3002
2017,610462,280
2017,610463,1606
2017,610520,716
2017,610620,1110
2017,610712,1097
2017,610990,36
2017,611231,1017
2017,620892,92
2017,621112,1680
2017,621210,368
2017,621290,194
2017,630130,30444
2017,630221,832220
2017,630419,20739
2017,630690,885
2017,630900,1102
2017,650500,2099
2017,680229,16368
2017,680293,6042440
2017,680299,818519
2017,710310,190091
2017,710399,1048554
2017,710813,1638303
2017,711790,2138
2017,720410,805386
2017,720421,86878
2017,720449,55115
2017,731829,530
2017,732690,58021
2017,740321,29510
2017,740400,1761851
2017,760200,1571353
2017,820559,4490
2017,821420,496
2017,842420,2282
2017,842490,2227
2017,843860,68925
2017,847910,14706
2017,847990,6185
2017,848071,5000
2017,850490,6763
2017,851762,3299
2017,853650,1711
2017,853690,13252
2017,854231,136
2017,854420,380
2017,870322,5178
2017,940360,1267
2017,960621,8763
2017,999802,471490
2018,30219,26723
2018,30232,3066356
2018,30234,6834507
2018,30239,75992
2018,30244,3265
2018,30247,2152523
2018,30289,2049042
2018,30342,57437
2018,30344,5063
2018,30357,733429
2018,30389,180149
2018,30391,4482438
2018,30489,36
2018,30571,160454
2018,30611,2598071
2018,40221,36
2018,40610,1321
2018,40690,1295
2018,50790,303132
2018,51199,15629146
2018,60319,103308
2018,70993,840689
2018,71220,5376
2018,80132,20902877
2018,80390,1268241
2018,80450,6954982
2018,80550,32769
2018,80711,15077024
2018,80719,70794758
2018,80720,12811277
2018,81090,383
2018,81110,2
2018,81190,11
2018,81340,2032157
2018,110630,533
2018,120400,5500
2018,121190,42069
2018,130190,4146
2018,130219,164342
2018,151590,339961
2018,152190,1000
2018,170114,1106759
2018,170410,67120
2018,170490,6205026
2018,200819,5038405
2018,200820,22439
2018,200899,707080
2018,200939,21849
2018,210111,713
2018,210690,57174
2018,220190,198
2018,220300,338
2018,220840,42895
2018,220860,85
2018,230400,599999
2018,250100,16871046
2018,250610,7112
2018,250700,117940
2018,251611,201972
2018,251612,3075988
2018,252510,929714
2018,260900,156000
2018,261100,3774848
2018,261590,1660355
2018,271019,10082639
2018,284440,900
2018,310100,526211
2018,330119,2000
2018,330129,97686
2018,340220,20716
2018,340290,102932
2018,392190,6131211
2018,392350,548
2018,392390,7132
2018,392690,1385
2018,420222,1074
2018,420292,232
2018,420330,116
2018,441510,570
2018,441520,5
2018,481910,761
2018,481920,8910
2018,520420,12894
2018,520512,504038
2018,520822,247061
2018,520823,37017
2018,520831,9332
2018,520832,45307
2018,520839,215683
2018,520843,26575
2018,520849,50031
2018,520851,16704
2018,520852,66868
2018,520859,346392
2018,520912,426220
2018,520922,12942080
2018,520929,4447729
2018,520932,6468758
2018,520939,1184832
2018,520942,1747522
2018,520949,98987
2018,520952,170667
2018,520959,464
2018,521011,9242
2018,521059,1465
2018,521120,498907
2018,521132,120271
2018,521139,457781
2018,521142,4153
2018,521149,708374
2018,521152,1752
2018,521159,91655
2018,540110,325057
2018,540233,7368
2018,540600,21
2018,550810,8830
2018,551341,153510
2018,551611,26869
2018,551614,41108
2018,551622,1674
2018,560721,167207
2018,610343,538
2018,610443,195
2018,610449,4341
2018,610463,1824
2018,610469,5542
2018,610510,118
2018,610620,5562
2018,610690,1079
2018,610910,211
2018,620690,19373
2018,630221,699768
2018,630419,3025
2018,630532,24
2018,630629,8675
2018,650500,1599
2018,680293,5301055
2018,680299,1188650
2018,690722,6440
2018,701337,438
2018,710310,810610
2018,710399,28983
2018,710812,262705
2018,720410,1705109
2018,720421,84424
2018,732690,86572
2018,740400,359562
2018,740939,732
2018,760200,669339
2018,760720,9636
2018,820559,130
2018,830210,9391
2018,842720,14500
2018,843710,10080
2018,843860,34466
2018,846693,7263
2018,848060,2934
2018,850300,20141
2018,851521,8564
2018,853521,521
2018,960621,2786
2018,999802,339353
2019,30232,3566885
2019,30234,6751648
2019,30239,5465
2019,30244,9413
2019,30247,1419636
2019,30289,1949206
2019,30342,138669
2019,30344,122944
2019,30357,606170
2019,30389,646185
2019,30391,2425491
2019,30571,71362
2019,30611,4208077
2019,30631,139306
2019,40221,377
2019,40610,178
2019,40690,136
2019,50790,0
2019,51191,320
2019,51199,13440137
2019,60319,90875
2019,70993,707237
2019,80132,20560391
2019,80390,1198564
2019,80450,7401152
2019,80711,33495410
2019,80719,116906170
2019,80720,12674097
2019,81090,12719
2019,81190,30502
2019,81340,207778
2019,110630,16648
2019,121190,10183
2019,130219,909353
2019,151590,459179
2019,152190,0
2019,170410,26140
2019,170490,7497579
2019,180690,6850
2019,190520,6500
2019,200819,4724857
2019,200820,20741
2019,200899,686592
2019,200919,6
2019,200939,22709
2019,200989,21273
2019,210690,322164
2019,220110,264
2019,220190,1727
2019,220210,179
2019,220429,717
2019,220840,1114
2019,220860,189
2019,250100,17999766
2019,250610,38213
2019,250620,42900
2019,251511,32990
2019,251612,2277154
2019,252510,1603102
2019,260200,149219
2019,261100,2891774
2019,271019,28345973
2019,284440,600
2019,310100,630070
2019,330129,104427
2019,330190,2370
2019,340290,217512
2019,350610,4377
2019,391732,10
2019,391740,171
2019,392190,6238621
2019,392329,250
2019,392330,601
2019,392390,415548
2019,392410,6
2019,392640,4109
2019,392690,1684
2019,401693,8285
2019,420221,667
2019,420222,0
2019,420229,416
2019,420232,16468
2019,420239,925
2019,420330,3629
2019,420500,117
2019,441990,988
2019,442010,385
2019,442090,998
2019,460290,998
2019,481910,3372
2019,482020,2
2019,520819,968739
2019,520822,240413
2019,520823,58
2019,520831,7400
2019,520832,95480
2019,520839,57870
2019,520851,8880
2019,520852,96064
2019,520859,148021
2019,520912,662161
2019,520919,222940
2019,520922,9705742
2019,520929,3242101
2019,520932,5790942
2019,520939,1238353
2019,520942,1211983
2019,520949,151673
2019,520952,110758
2019,520959,17427
2019,521112,4777
2019,521119,9213
2019,521120,747487
2019,521132,241757
2019,521139,930577
2019,521142,22270
2019,521143,18816
2019,521149,812958
2019,521152,1794
2019,521159,81807
2019,551341,37050
2019,551611,56153
2019,551614,1298
2019,560721,450136
2019,560890,2997
2019,610443,3050
2019,610463,1465
2019,610510,900
2019,610620,11717
2019,610910,1830
2019,611220,394
2019,611241,1070
2019,620690,5040
2019,630221,380472
2019,630222,262312
2019,640320,133
2019,650500,3630
2019,680210,100
2019,680221,5672
2019,680293,5717529
2019,680299,831400
2019,691200,438
2019,710310,2457057
2019,710399,964718
2019,710700,893
2019,711299,117283
2019,711620,8989
2019,711790,9045
2019,720410,3014896
2019,720421,134172
2019,730890,10227
2019,732690,158778
2019,740400,379570
2019,760720,1139
2019,820420,20
2019,821110,2023
2019,840820,9500
2019,840890,1663
2019,840991,386
2019,840999,5292
2019,841112,21726000
2019,841221,6349
2019,841229,8653
2019,841239,1313
2019,841320,346
2019,841330,8080
2019,841381,150
2019,841459,1819
2019,841480,400
2019,842121,4553
2019,842129,561
2019,842199,880
2019,842612,593631
2019,842920,50000
2019,842952,49562
2019,843143,1344
2019,846693,2760
2019,846729,16676
2019,846789,21234
2019,846799,13524
2019,847330,282
2019,847989,2224
2019,847990,3335
2019,848110,54
2019,848130,20
2019,848140,37
2019,848180,58573
2019,848190,1457
2019,848210,16
2019,848220,120
2019,848240,30
2019,848250,50
2019,848280,135
2019,848310,69943
2019,848330,700
2019,848340,1664
2019,848420,6819
2019,848490,3833
2019,850110,23149
2019,850131,73
2019,850132,9082
2019,850152,4346
2019,850300,3761
2019,850431,1215
2019,850440,13559
2019,850519,3
2019,851140,398
2019,851150,480
2019,851180,1170
2019,851220,245
2019,851680,188
2019,853110,72
2019,853180,3215
2019,853331,1645
2019,853521,1446
2019,853610,17
2019,853620,462
2019,853630,184
2019,853641,15
2019,853649,660
2019,853650,1188
2019,853669,9395
2019,853690,17750
2019,853810,3117
2019,853890,176
2019,853921,30
2019,853939,24
2019,854130,5791
2019,854140,382
2019,854370,375
2019,854449,8322
2019,870830,605
2019,870850,198
2019,870891,1100
2019,870894,256
2019,870895,85
2019,880240,25582822
2019,901590,2514
2019,901730,9
2019,901780,301
2019,902580,78
2019,902610,73
2019,902620,5172
2019,902680,38
2019,902790,5490
2019,902830,3141
2019,902920,158
2019,903010,5150
2019,903033,140
2019,903180,4074
2019,903210,58
2019,903220,104
2019,903289,1175
2019,960621,7622
2019,961590,1109
2019,999802,4225
2020,30232,1546616
2020,30234,4377712
2020,30244,9325
2020,30246,232
2020,30247,559917
2020,30289,1589668
2020,30342,161612
2020,30344,102222
2020,30353,60440
2020,30389,1035771
2020,30391,2970627
2020,30449,577
2020,30487,9680
2020,30571,59879
2020,30611,5253843
2020,30631,73797
2020,40221,152
2020,40610,48
2020,40690,57
2020,50710,617663
2020,51199,14485155
2020,60319,68900
2020,70993,1819635
2020,80112,8
2020,80119,22690
2020,80132,6101023
2020,80390,1536128
2020,80430,5787
2020,80440,12643
2020,80450,7487265
2020,80510,11811
2020,80711,32577048
2020,80719,95298176
2020,80720,8955587
2020,81090,28910
2020,81190,34
2020,81340,1767481
2020,91011,9258
2020,110220,10681
2020,110630,63357
2020,110814,11
2020,121190,21400
2020,130190,800
2020,130219,612857
2020,151590,495819
2020,152110,101540
2020,170114,1154182
2020,170199,2084241
2020,170410,35368
2020,170490,4239923
2020,190520,27538
2020,200819,1543485
2020,200820,16314
2020,200880,2977
2020,200899,508822
2020,200931,1861
2020,200939,10948
2020,200989,18219
2020,210111,804
2020,210690,100010
2020,220190,445
2020,230910,57180
2020,250100,29011396
2020,250610,13416
2020,250620,231739
2020,251512,54772
2020,251612,1524626
2020,252510,1096606
2020,252610,18129
2020,260200,996385
2020,261100,3302041
2020,271019,62178944
2020,284440,1200
2020,310100,212486
2020,321410,19640
2020,330125,930
2020,330129,10795
2020,330510,358
2020,330590,973
2020,340290,111207
2020,390690,1200
2020,391739,22688
2020,392010,36
2020,392190,6049428
2020,392330,11500
2020,392350,266
2020,392390,186505
2020,392690,3460
2020,400912,255
2020,400922,4746
2020,401693,2367
2020,401699,31
2020,410120,14800
2020,410150,167870
2020,420232,223
2020,420330,93
2020,460290,104
2020,490900,944
2020,520819,74188
2020,520822,142428
2020,520823,221284
2020,520832,15522
2020,520833,1954
2020,520852,12874
2020,520859,20574
2020,520912,627946
2020,520919,205548
2020,520922,5599867
2020,520929,2974229
2020,520932,3326714
2020,520939,1051869
2020,520942,563065
2020,520949,23766
2020,520952,228820
2020,520959,25230
2020,521112,71029
2020,521119,9439
2020,521120,156964
2020,521132,142403
2020,521139,320772
2020,521142,1570
2020,521143,73343
2020,521149,3710
2020,521159,12276
2020,551611,11937
2020,551641,3427
2020,560721,401258
2020,610443,212
2020,610620,847
2020,620690,233
2020,630222,65578
2020,630533,3840
2020,630790,415342
2020,640199,2744
2020,650500,1927
2020,680291,16976
2020,680293,6603818
2020,680299,812962
2020,681381,1907
2020,681389,869
2020,701919,491
2020,710310,4848312
2020,710399,615502
2020,711299,57902
2020,711620,14710
2020,711790,8035
2020,720410,1900283
2020,720429,387774
2020,720430,36511
2020,720449,278414
2020,730719,424
2020,730791,410
2020,730890,903
2020,731210,4
2020,731290,1362
2020,731815,4824
2020,731829,481
2020,732690,96186
2020,740400,1267192
2020,741999,1194
2020,760200,1121782
2020,760720,567
2020,761090,20
2020,761699,7196
2020,840590,18397
2020,840999,31797
2020,841239,1565
2020,841290,1691
2020,841319,6529
2020,841320,3928
2020,841330,586
2020,841350,3111
2020,841360,1713
2020,841370,1140
2020,841381,1298
2020,841391,372
2020,841451,1902
2020,841459,10820
2020,841490,1562
2020,841583,4530
2020,841989,41629
2020,842139,2894
2020,842191,347
2020,842199,1010
2020,842410,312
2020,842511,4477
2020,842531,3161
2020,842619,1394
2020,843143,1077
2020,846729,33369
2020,847141,6712
2020,847180,1366
2020,847330,10653
2020,847989,11078
2020,847990,9237
2020,848060,84034
2020,848120,1792
2020,848140,1456
2020,848180,2085
2020,848190,1267
2020,848210,12368
2020,848280,611
2020,848340,3831
2020,848390,16844
2020,848420,2805
2020,850110,19974
2020,850120,823
2020,850132,19554
2020,850152,20234
2020,850213,39034
2020,850240,11544
2020,850300,25154
2020,850431,8122
2020,850432,4228
2020,850440,9420
2020,850490,6613
2020,850520,788
2020,850720,10172
2020,850730,1707
2020,850780,912
2020,851130,281
2020,851629,401
2020,851690,751
2020,853080,6232
2020,853110,313
2020,853210,1062
2020,853229,725
2020,853329,2026
2020,853340,887
2020,853540,1298
2020,853590,1266
2020,853610,1053
2020,853620,9532
2020,853630,235
2020,853650,5096
2020,853690,33085
2020,853710,142630
2020,853810,8809
2020,853890,14388
2020,853929,1263
2020,854110,365
2020,854140,5768
2020,854442,23523
2020,854449,1697
2020,854520,5398
2020,900490,11426
2020,901890,720
2020,902110,2108
2020,902519,3723
2020,902620,5759
2020,902690,715
2020,902830,2657
2020,903010,4800
2020,903032,1730
2020,903149,367
2020,903180,256
2020,903281,34
2020,903289,4171
2020,940540,439
2020,950490,2510
2020,960400,1386
2020,960621,3658
2021,30232,3395979
2021,30234,10534374
2021,30239,8463
2021,30246,65
2021,30247,2049816
2021,30289,2798073
2021,30389,3534698
2021,30391,5775896
2021,30445,504
2021,30449,50962
2021,30479,39695
2021,30487,47640
2021,30571,75885
2021,30611,16411764
2021,30617,129512
2021,30631,378352
2021,40221,24
2021,40610,717
2021,40690,893
2021,40900,10606
2021,50710,1219351
2021,51199,15223508
2021,60319,86244
2021,70993,1979024
2021,80119,34951
2021,80132,6018735
2021,80390,1639395
2021,80450,6388576
2021,80711,37949190
2021,80719,103875990
2021,80720,8510666
2021,81090,9176
2021,81190,10862
2021,81340,1459868
2021,91011,114766
2021,110630,223150
2021,121190,2251
2021,130219,50721
2021,151590,579860
2021,152110,1648350
2021,170114,999418
2021,170199,9923724
2021,170410,38686
2021,170490,5714760
2021,200799,5466
2021,200819,663462
2021,200820,22117
2021,200899,634989
2021,200931,3908
2021,200939,936
2021,200989,48557
2021,210111,180307
2021,210690,8475
2021,220190,61
2021,220840,385
2021,220860,69
2021,230910,213394
2021,250100,12369077
2021,250610,25489
2021,250620,114525
2021,250700,4640
2021,251512,294894
2021,251611,9082
2021,251612,3964715
2021,252510,1098022
2021,252610,17671
2021,252910,56000
2021,260200,196833
2021,260300,167043
2021,261100,1594587
2021,271019,183588036
2021,284440,900
2021,290110,20
2021,310100,92705
2021,330119,0
2021,330129,95422
2021,340290,160114
2021,350790,628
2021,382000,355
2021,391739,1177
2021,392099,1368
2021,392190,6485973
2021,392310,11658
2021,392330,2628
2021,392410,4
2021,392690,844
2021,401693,11418
2021,401699,1094
2021,410150,170687
2021,420222,8
2021,420291,2
2021,441700,7
2021,460290,50
2021,481910,201
2021,481920,287
2021,490199,839
2021,490900,944
2021,491110,35
2021,520819,430582
2021,520822,126803
2021,520823,550935
2021,520832,7397
2021,520839,346
2021,520843,11046
2021,520859,448
2021,520912,1560618
2021,520919,53710
2021,520922,14269300
2021,520929,2689975
2021,520932,6862768
2021,520939,2500611
2021,520942,169588
2021,520949,8661
2021,520952,1229
2021,520959,99581
2021,521112,10174
2021,521120,319768
2021,521132,71151
2021,521139,391755
2021,521143,9318
2021,521159,32058
2021,530810,3693
2021,551611,219
2021,551612,10228
2021,551613,12847
2021,551624,14680
2021,551641,5677
2021,551642,3352
2021,560721,141252
2021,560790,882
2021,570190,121
2021,590900,92
2021,600622,52003
2021,610343,73
2021,610413,213
2021,610443,9813
2021,610453,500
2021,610712,11
2021,610821,176
2021,610822,568
2021,610990,212
2021,611241,8126
2021,611249,1720
2021,620722,10
2021,621210,224
2021,630239,904
2021,650500,4106
2021,680223,2784
2021,680291,1876
2021,680293,7083824
2021,680299,781918
2021,710310,4014959
2021,710399,467512
2021,710812,85634
2021,710813,252577
2021,711299,844288
2021,711320,4
2021,711620,2449
2021,711790,9342
2021,720421,427916
2021,720429,3205891
2021,730799,1124
2021,731511,1642
2021,731815,353
2021,731816,644
2021,732020,218
2021,732690,103503
2021,740400,4306017
2021,760200,896699
2021,761090,1723
2021,820559,27
2021,830249,1998
2021,841221,2775
2021,841330,8353
2021,841391,1103
2021,841451,8333
2021,841459,7359
2021,841490,3563
2021,842139,4513
2021,842531,96
2021,842831,21142
2021,842890,13347
2021,843131,2566
2021,843780,1119
2021,847180,5323
2021,847330,5751
2021,847420,1706
2021,847989,138325
2021,848120,3439
2021,848330,7310
2021,848340,21770
2021,848390,4490
2021,848410,2236
2021,850120,2962
2021,850132,30835
2021,850152,1009
2021,850240,2248
2021,850300,20294
2021,850431,2752
2021,850432,2169
2021,850440,13422
2021,850450,111
2021,850520,1174
2021,850980,528
2021,853180,8535
2021,853339,174
2021,853510,1513
2021,853540,3081
2021,853590,655
2021,853610,369
2021,853620,1799
2021,853630,298
2021,853641,2413
2021,853649,2360
2021,853650,3083
2021,853669,3358
2021,853690,69182
2021,853710,61708
2021,853890,45058
2021,854442,8805
2021,854449,3645
2021,854470,1422
2021,854690,835
2021,854790,166
2021,870322,14732
2021,900410,28
2021,901580,15
2021,902110,7936
2021,902590,116
2021,902620,546
2021,902680,837
2021,902780,4541
2021,902790,7948
2021,903010,2447
2021,903120,6231
2021,903180,3297
2021,903210,256
2021,903289,11248
2021,940540,1526
2021,960400,2302
2021,960621,501
2021,960711,20583
2022,30232,5109602
2022,30234,12185652
2022,30247,2234458
2022,30289,2615204
2022,30323,5520
2022,30357,68741
2022,30389,6918571
2022,30391,3898948
2022,30449,1184
2022,30479,68716
2022,30487,203147
2022,30489,4645
2022,30571,43429
2022,30611,13513555
2022,30631,87250
2022,40221,316
2022,50710,1774876
2022,50790,283452
2022,51000,1396026
2022,51199,16319007
2022,60120,397
2022,60319,51620
2022,70993,814856
2022,80111,2
2022,80119,596
2022,80132,1425549
2022,80390,1696082
2022,80450,5361510
2022,80610,23
2022,80711,44055352
2022,80719,97662771
2022,80720,11203618
2022,81090,120855
2022,81340,1322024
2022,91011,36133
2022,110630,303818
2022,121190,67033
2022,130219,99244
2022,151590,655581
2022,152110,1087550
2022,170114,1295097
2022,170199,25933703
2022,170410,27310
2022,170490,6684323
2022,200799,1578
2022,200819,144614
2022,200820,50775
2022,200899,565731
2022,200919,1741
2022,200931,1871
2022,200971,416
2022,210610,510
2022,210690,157301
2022,220110,119
2022,220190,2254
2022,220210,4675
2022,220900,14
2022,230910,518832
2022,250100,45947974
2022,250610,28260
2022,250620,152793
2022,251512,59591
2022,251611,67495
2022,251612,1972783
2022,252329,29
2022,252510,421283
2022,252610,29505
2022,252910,140000
2022,253090,26
2022,260300,2865859
2022,261100,3647050
2022,271019,336340714
2022,284444,1200
2022,284700,610
2022,290729,1787
2022,310100,54326
2022,320619,14954
2022,330129,4502
2022,330190,2
2022,330499,1272
2022,330510,504
2022,330590,825
2022,330710,632
2022,340290,39101
2022,350790,16676
2022,390730,820
2022,391510,400
2022,391723,16575
2022,392190,10736071
2022,392321,65
2022,392329,325
2022,392340,10495
2022,392350,499
2022,392410,600
2022,392690,1181
2022,401590,856
2022,401693,577
2022,410150,1690995
2022,420222,55
2022,420299,387
2022,420329,7676
2022,441820,2520
2022,460290,145
2022,481022,40
2022,481810,120
2022,481820,563
2022,481830,993
2022,481890,251
2022,481910,15747
2022,481940,155
2022,482090,25
2022,482110,367
2022,482190,45
2022,482369,409
2022,490199,20
2022,491110,83
2022,491199,32
2022,520812,440
2022,520819,547494
2022,520822,223671
2022,520823,45614
2022,520832,55457
2022,520912,1734386
2022,520922,14067289
2022,520929,2958963
2022,520932,8833886
2022,520939,2643639
2022,520942,29763
2022,520959,5691
2022,521011,4305
2022,521019,6186
2022,521120,262010
2022,521132,72514
2022,521139,569932
2022,521142,674
2022,521159,12947
2022,521212,35499
2022,521222,27290
2022,530810,10
2022,551641,551
2022,551642,1930
2022,560721,126734
2022,600622,66178
2022,610443,4500
2022,610520,346
2022,610990,1000
2022,611212,18
2022,611430,14930
2022,611610,2360
2022,620140,3
2022,620459,185
2022,620690,91
2022,621010,10833
2022,630293,80
2022,630533,17688
2022,650500,6467
2022,650610,3750
2022,680223,15427
2022,680293,6531618
2022,680299,1710528
2022,690721,185469
2022,690722,7986
2022,710310,7377063
2022,710391,499999
2022,710399,5166348
2022,710812,513417
2022,710813,2216749
2022,711021,644
2022,711299,692622
2022,711320,8599
2022,711620,41846
2022,711790,2723
2022,720421,503012
2022,720429,2591076
2022,730629,282400
2022,731815,3778
2022,731816,863
2022,731829,594
2022,732690,129706
2022,740400,1737426
2022,741999,60
2022,760200,1061497
2022,761699,10195
2022,820770,5931
2022,840999,4536
2022,841350,2851
2022,841381,548
2022,841391,2334
2022,841430,3300
2022,841451,5188
2022,841459,6862
2022,841911,11030
2022,841939,1195
2022,841950,17916
2022,842121,1810
2022,842139,5530
2022,842839,1103
2022,842940,11000
2022,843710,31250
2022,843780,6450
2022,843810,1974
2022,846711,2541
2022,847981,2929
2022,847989,10412
2022,847990,11940
2022,848110,8389
2022,848120,8574
2022,848190,1958
2022,848210,404
2022,848220,5390
2022,848250,10577
2022,848340,47622
2022,848390,36224
2022,850132,1630
2022,850152,57
2022,850300,998
2022,850432,6628
2022,850440,2956
2022,851762,3042
2022,851779,842
2022,853210,123
2022,853620,33721
2022,853710,48594
2022,853810,13273
2022,853929,922
2022,854231,57542
2022,854390,37131
2022,854929,22177
2022,870322,28498
2022,880220,20468
2022,900490,4236
2022,900691,211
2022,901590,17374
2022,901890,504
2022,902110,4695
2022,902610,9950
2022,903010,5300
2022,950629,641
2022,960400,3200
2022,960629,1568
2022,962000,38
2023,30232,5524051
2023,30234,11163266
2023,30239,22279
2023,30246,24378
2023,30247,1579625
2023,30289,1963117
2023,30339,12376
2023,30389,1014324
2023,30391,2103882
2023,30449,5892
2023,30462,38564
2023,30499,928
2023,30571,64736
2023,30611,8706250
2023,30631,62009
2023,40221,474
2023,50710,1899073
2023,50790,236104
2023,51191,1926
2023,51199,11469610
2023,60319,42526
2023,70993,1069395
2023,71040,534615
2023,80119,9343
2023,80132,5645790
2023,80390,1469521
2023,80440,21998
2023,80450,7101725
2023,80711,52691412
2023,80719,117859347
2023,80720,15879649
2023,81090,30681
2023,81190,67287
2023,81340,387947
2023,90411,24871
2023,91011,6
2023,110630,193135
2023,121190,44800
2023,130219,97793
2023,151590,623017
2023,152110,945927
2023,170114,7356199
2023,170199,9685050
2023,170410,63899
2023,170490,9637908
2023,180690,968
2023,190590,48177
2023,200799,1979
2023,200819,735462
2023,200820,27332
2023,200899,921719
2023,210111,139799
2023,210112,17626
2023,210120,3180
2023,210320,26464
2023,210690,223556
2023,220110,7
2023,220190,1573
2023,230910,210600
2023,250100,25890451
2023,250610,29893
2023,250620,32013
2023,250700,277240
2023,251612,2964386
2023,252510,1128623
2023,252610,58950
2023,252910,15394
2023,260200,244301
2023,260300,4398724
2023,261100,3257512
2023,261400,8
2023,261590,13172
2023,262030,59894
2023,270900,52383621
2023,271019,331680746
2023,281122,2238
2023,310100,237786
2023,321519,481
2023,330119,0
2023,330129,10684
2023,330499,5116
2023,330510,92
2023,330590,19
2023,340120,145
2023,340239,48371
2023,340250,21416
2023,340290,78933
2023,340319,45
2023,340590,18
2023,380894,56
2023,380991,19
2023,391590,202993
2023,391732,3428
2023,391740,2651
2023,391890,1484
2023,392010,1660
2023,392092,3333
2023,392113,37837
2023,392190,11245247
2023,392350,1038
2023,392690,13688
2023,400821,423
2023,400829,4648
2023,400922,15870
2023,401519,1749
2023,401590,933
2023,401693,15186
2023,401699,2647
2023,401700,12509
2023,410150,3496886
2023,420299,62
2023,420329,24170
2023,420330,5280
2023,441520,117
2023,441811,7924
2023,441821,1155
2023,481910,2200
2023,482190,824
2023,490900,1289
2023,520822,243673
2023,520823,41328
2023,520832,63925
2023,520843,1173
2023,520912,980366
2023,520919,3223
2023,520922,14706017
2023,520929,2384507
2023,520932,10114582
2023,520939,2849068
2023,520942,7531
2023,521011,20434
2023,521019,5188
2023,521112,46774
2023,521119,2777
2023,521120,28832
2023,521132,263934
2023,521139,567169
2023,521142,2564
2023,521159,10684
2023,521212,798
2023,521222,4127
2023,551641,4571
2023,560229,84
2023,560721,41550
2023,610310,92
2023,610349,92
2023,610443,1117
2023,610510,330
2023,610520,1204
2023,610590,259
2023,610620,72
2023,610990,316
2023,611212,27
2023,611430,21101
2023,611610,22480
2023,620140,128
2023,620349,92
2023,620459,172
2023,620590,1310
2023,620690,510
2023,621010,6935
2023,621111,92
2023,621112,4800
2023,630533,6480
2023,630619,17
2023,630720,9257
2023,630790,17072
2023,650500,5490
2023,650610,7935
2023,650699,5721
2023,680292,24474
2023,680293,5344328
2023,680299,1226029
2023,681381,8444
2023,710310,2944785
2023,710399,7878588
2023,710812,145051
2023,710813,2260550
2023,711320,1252
2023,711620,6853
2023,720410,74081
2023,720421,147116
2023,720429,3745784
2023,720449,41280
2023,730439,513
2023,730449,480
2023,731210,585
2023,731815,35971
2023,731816,1880
2023,731819,4882
2023,731822,917
2023,731829,1952
2023,732599,7725
2023,732690,230194
2023,740400,1629808
2023,741220,918
2023,741980,106
2023,760200,1292300
2023,761699,80236
2023,820770,21915
2023,830140,1386
2023,830890,713
2023,841221,102678
2023,841290,4660
2023,841319,546
2023,841320,3090
2023,841330,4244
2023,841350,1935
2023,841360,380
2023,841370,3331
2023,841381,6097
2023,841391,4705
2023,841459,11052
2023,841950,1745
2023,842129,4101
2023,842139,1330
2023,842230,114374
2023,842511,9952
2023,842810,11476
2023,843131,2137
2023,844316,119684
2023,846711,24592
2023,846799,5999
2023,847190,3786
2023,847330,739
2023,847989,7792
2023,847990,1157
2023,848060,428000
2023,848120,47543
2023,848130,599
2023,848140,1892
2023,848180,39547
2023,848210,15359
2023,848230,450
2023,848310,81575
2023,848320,84196
2023,848330,81879
2023,848340,135844
2023,848350,243
2023,848360,21379
2023,848390,20252
2023,848420,1650
2023,848490,3845
2023,850131,1951
2023,850140,326
2023,850152,62656
2023,850164,592197
2023,850240,2946
2023,850300,277594
2023,850431,330
2023,850432,349
2023,850440,73984
2023,850450,4043
2023,850490,833
2023,850511,17263
2023,850720,18490
2023,851680,190
2023,851762,115954
2023,852349,1909
2023,852352,41
2023,853329,321
2023,853510,2011
2023,853540,4371
2023,853590,1343
2023,853610,11212
2023,853620,7693
2023,853630,4070
2023,853641,2518
2023,853649,10146
2023,853650,5714
2023,853690,6794
2023,853710,173594
2023,853810,537
2023,853890,31119
2023,853929,2561
2023,853931,748
2023,853951,1291
2023,854110,1065
2023,854141,421
2023,854231,660
2023,854370,60458
2023,854442,25797
2023,854449,15564
2023,854460,634
2023,854470,3380
2023,854520,595
2023,854929,440477
2023,871680,60000
2023,900220,312
2023,900490,7740
2023,901590,1905
2023,902000,1336
2023,902110,2368
2023,902519,1163
2023,902610,5685
2023,902620,1364
2023,902750,25
2023,902789,967
2023,902810,64287
2023,903010,5975
2023,903033,1180
2023,903180,35885
2023,903210,351
2023,940511,14918
2023,940519,7491
2023,960629,715
2023,970390,1002
2024,30229,12000
2024,30232,2370935
2024,30234,3799081
2024,30244,1131
2024,30247,708115
2024,30289,1346710
2024,30389,898554
2024,30391,1131836
2024,30449,12340
2024,30462,1818
2024,30489,27646
2024,30611,5635181
2024,30631,110079
2024,40221,183
2024,40610,115581
2024,50710,82038
2024,51000,310000
2024,51199,6004015
2024,60319,30676
2024,70993,1171195
2024,71040,469363
2024,71420,990
2024,80119,53176
2024,80132,3278964
2024,80390,348621
2024,80450,4536871
2024,80550,748584
2024,80711,23432395
2024,80719,61601522
2024,80720,12441898
2024,81090,1059
2024,81190,236936
2024,81340,560250
2024,110630,16100
2024,121190,120820
2024,130219,162726
2024,140490,472
2024,151590,563007
2024,152110,732434
2024,170114,8245353
2024,170199,11198000
2024,170410,11752
2024,170490,7618874
2024,180690,10822
2024,190590,20499
2024,200600,49
2024,200799,444
2024,200819,2269
2024,200820,35369
2024,200899,621829
2024,200912,24
2024,200961,24
2024,200971,24
2024,200989,58
2024,200990,19
2024,210690,168909
2024,220110,161
2024,220190,1249
2024,220299,300
2024,250100,14355453
2024,250610,17335
2024,250620,9450
2024,250700,30160
2024,251612,2616937
2024,252510,673128
2024,252610,42581
2024,252910,26432
2024,253090,39434
2024,260200,25228
2024,260300,1346081
2024,261100,3076780
2024,261390,34496
2024,270900,5
2024,271012,33054137
2024,271019,453298187
2024,290371,167
2024,310100,1415591
2024,320810,3492
2024,330129,25000
2024,330190,4500
2024,340239,22251
2024,340250,24223
2024,340290,73657
2024,391590,292874
2024,391733,349
2024,391739,4114
2024,392059,369
2024,392190,6231569
2024,392390,126972
2024,392690,19817
2024,400690,1392
2024,401519,1222
2024,410150,2778307
2024,420219,15
2024,420222,21
2024,420329,2451
2024,420330,3549
2024,441239,947
2024,482110,1282
2024,482210,119
2024,491110,5
2024,520822,218451
2024,520832,1890
2024,520912,368939
2024,520919,31394
2024,520922,11553520
2024,520929,1201681
2024,520932,8416899
2024,520939,1552614
2024,520942,7884
2024,521019,1914
2024,521119,1308
2024,521120,19642
2024,521132,171291
2024,521139,344458
2024,521152,5933
2024,521159,12537
2024,551641,11820
2024,551642,9839
2024,560819,551
2024,610323,1672
2024,610462,5046
2024,610711,62
2024,610712,67
2024,610729,5
2024,610821,277
2024,610822,610
2024,610829,435
2024,610839,10
2024,610899,10
2024,610910,10
2024,620230,5753
2024,620429,15
2024,620442,86
2024,620719,15
2024,620822,5
2024,620829,92
2024,621112,4717
2024,621210,579
2024,621710,3510
2024,630533,6480
2024,630720,2887
2024,630790,15299
2024,640690,1110
2024,650500,26219
2024,650610,9989
2024,650691,555
2024,680293,4388020
2024,680299,1264001
2024,681381,1977
2024,701590,114
2024,710310,3156631
2024,710399,1906274
2024,710812,65911
2024,711620,4899
2024,711790,1702
2024,720421,67902
2024,720429,780692
2024,720430,93212
2024,730890,42409
2024,731589,1546
2024,731590,961
2024,731815,426
2024,731816,226
2024,732090,690
2024,732399,158
2024,732690,40071
2024,740400,823127
2024,760200,2460370
2024,761090,331
2024,820231,926
2024,820299,61
2024,820320,1409
2024,820411,1814
2024,820420,522
2024,820510,3087
2024,820559,183
2024,820900,12783
2024,831000,5140
2024,840790,47844
2024,841221,1401
2024,841290,3086
2024,841950,1745
2024,842139,515
2024,842519,9158
2024,843131,549
2024,843143,2102
2024,843860,3445
2024,844832,191
2024,844842,5441
2024,844849,6336
2024,847180,2562
2024,847990,625
2024,848180,1482
2024,848310,135066
2024,848340,116598
2024,848390,1273
2024,850152,5188
2024,850300,14533
2024,850432,618
2024,850440,1990
2024,850450,2180
2024,850490,966
2024,850520,826
2024,850590,201
2024,850870,132
2024,851310,6587
2024,852351,75
2024,853190,2385
2024,853229,980
2024,853329,415
2024,853590,423
2024,853610,1934
2024,853620,1484
2024,853630,8920
2024,853649,2677
2024,853650,2240
2024,853669,7445
2024,853690,2690
2024,853710,23094
2024,853890,26539
2024,853990,962
2024,854110,189
2024,854141,17454
2024,854411,520
2024,854442,1889
2024,854449,107
2024,854470,3952
2024,854520,2392
2024,854929,555063
2024,870323,25033
2024,900490,5018
2024,902000,1403
2024,902150,1037
2024,902590,857
2024,903010,5650
2024,903033,3785
2024,903180,5421
2024,903210,889
2024,903289,178
2024,940511,301
2024,950300,6
2024,960190,1931
2024,960621,2518
2024,961100,5
